Attributes,open,open,high,high,low,low,close,close,volume,volume
Symbols,IAU,IXN,IAU,IXN,IAU,IXN,IAU,IXN,IAU,IXN
date,,,,,,,,,,
2015-02-11,11.93,95.29,11.95,95.75,11.78,95.13,11.8,95.62,6974166,22539
2015-02-12,11.86,96.16,11.87,97.05,11.8,96.16,11.83,96.85,4607893,36788
2015-02-13,11.89,97.21,11.95,97.76,11.87,97.01,11.89,97.63,2157174,17951
2015-02-17,11.73,97.55,11.75,97.82,11.64,97.38,11.7,97.74,5601928,21176
2015-02-18,11.69,97.69,11.73,97.98,11.58,97.51,11.73,97.87,2693559,74402
2015-02-19,11.73,97.7,11.74,98.34,11.66,97.68,11.69,98.22,15827625,25413
2015-02-20,11.71,98.24,11.73,98.97,11.59,97.87,11.61,98.78,3830371,30416
2015-02-23,11.61,98.86,11.71,98.98,11.59,98.39,11.63,98.89,3725804,34012
2015-02-24,11.58,98.92,11.64,99.43,11.51,98.49,11.62,99.25,10272669,41128
2015-02-25,11.67,99.17,11.68,99.24,11.62,98.57,11.66,98.74,1991404,26026
2015-02-26,11.74,99.01,11.75,99.39,11.67,98.69,11.69,99.38,4856597,23637
2015-02-27,11.76,99.36,11.8,99.44,11.71,98.82,11.71,98.9,3755857,21434
2015-03-02,11.75,99.26,11.75,99.93,11.65,99.19,11.65,99.93,5879313,39660
2015-03-03,11.69,99.72,11.75,99.84,11.62,98.83,11.64,99.18,2384600,34901
2015-03-04,11.66,98.81,11.67,99.0,11.6,98.26,11.6,98.93,1924360,21872
2015-03-05,11.63,99.19,11.7,99.34,11.57,98.48,11.6,98.77,1423169,18616
2015-03-06,11.41,98.8,11.42,98.88,11.26,97.58,11.28,97.59,10180920,13308
2015-03-09,11.33,97.77,11.35,98.42,11.27,97.61,11.28,98.01,4171346,14251
2015-03-10,11.3,97.27,11.32,97.38,11.21,96.02,11.22,96.03,2884843,37123
2015-03-11,11.2,96.49,11.22,96.49,11.1,95.71,11.16,95.77,3620496,27670
2015-03-12,11.2,95.9,11.21,96.25,11.11,95.78,11.15,96.19,5543200,78019
2015-03-13,11.19,96.03,11.22,96.13,11.14,95.32,11.17,95.96,1644858,35325
2015-03-16,11.2,96.39,11.21,97.08,11.13,96.39,11.17,97.08,1632949,43899
2015-03-17,11.08,96.9,11.22,97.44,11.06,96.9,11.1,97.25,3226322,43022
2015-03-18,11.12,97.45,11.38,99.14,11.09,97.04,11.32,98.75,9133294,23169
2015-03-19,11.28,98.82,11.35,98.82,11.24,98.15,11.31,98.54,1741025,22669
2015-03-20,11.36,99.11,11.49,99.57,11.36,99.11,11.44,99.12,2021676,18173
2015-03-23,11.45,99.47,11.53,99.75,11.44,99.23,11.51,99.33,1847030,50470
2015-03-24,11.52,99.31,11.56,99.65,11.47,98.98,11.55,98.98,1373320,36299
2015-03-25,11.61,99.08,11.61,99.34,11.56,96.74,11.56,96.87,1919597,64349
2015-03-26,11.67,95.91,11.68,96.76,11.62,95.13,11.65,96.45,2821470,27702
2015-03-27,11.61,96.51,11.63,96.74,11.53,96.01,11.6,96.74,2237278,16030
2015-03-30,11.48,97.27,11.49,97.73,11.44,96.83,11.46,97.6,2222427,11464
2015-03-31,11.47,97.11,11.52,97.47,11.43,96.61,11.45,96.85,1863756,80995
2015-04-01,11.55,96.94,11.69,96.94,11.54,96.03,11.65,96.45,2088732,18172
2015-04-02,11.64,96.97,11.66,97.17,11.56,96.6,11.62,96.74,1774782,200277
2015-04-06,11.83,96.56,11.84,98.0,11.74,96.56,11.76,97.8,2742489,19720
2015-04-07,11.72,97.86,11.75,98.24,11.68,97.52,11.7,97.52,1177654,62744
2015-04-08,11.69,97.6,11.7,98.1,11.59,97.45,11.64,97.74,2144925,20887
2015-04-09,11.57,97.79,11.58,98.35,11.54,97.54,11.56,98.26,2005670,51090
2015-04-10,11.69,98.24,11.71,98.69,11.64,98.04,11.68,98.69,2358042,12764
2015-04-13,11.62,98.67,11.63,99.15,11.58,98.26,11.61,98.28,2070374,133244
2015-04-14,11.56,98.29,11.6,98.56,11.53,97.55,11.53,97.98,1374016,202521
2015-04-15,11.57,98.04,11.65,98.79,11.53,97.93,11.63,98.45,1528616,23694
2015-04-16,11.65,98.29,11.66,98.56,11.56,97.94,11.6,98.33,1504799,31401
2015-04-17,11.64,97.33,11.67,97.33,11.62,96.44,11.64,96.7,1211819,19982
2015-04-20,11.58,97.29,11.59,98.24,11.52,97.29,11.56,98.11,1763444,147774
2015-04-21,11.57,98.82,11.65,99.15,11.55,98.42,11.63,98.42,1955023,56675
2015-04-22,11.58,98.85,11.59,99.67,11.46,98.62,11.48,99.67,1354553,12759
2015-04-23,11.48,99.14,11.59,100.04,11.47,99.13,11.56,99.73,2225229,41545
2015-04-24,11.49,100.58,11.5,100.61,11.36,100.22,11.4,100.58,1577089,38434
2015-04-27,11.47,101.07,11.68,101.26,11.46,100.65,11.63,100.85,1623797,38133
2015-04-28,11.62,100.81,11.75,101.16,11.62,100.2,11.73,100.77,2305711,35278
2015-04-29,11.69,100.53,11.73,100.79,11.61,99.85,11.64,100.37,1450664,56022
2015-04-30,11.48,99.69,11.48,99.85,11.38,98.58,11.44,98.76,2386673,13601
2015-05-01,11.33,99.21,11.41,99.89,11.31,98.89,11.39,99.82,1922238,26547
2015-05-04,11.51,100.08,11.54,100.38,11.48,99.83,11.49,99.85,1391332,100390
2015-05-05,11.58,99.5,11.61,99.68,11.53,98.3,11.53,98.3,3194860,18064
2015-05-06,11.56,98.73,11.57,98.73,11.5,97.1,11.53,97.75,1458077,38804
2015-05-07,11.48,97.79,11.5,98.61,11.42,97.79,11.44,98.37,1169819,45552
2015-05-08,11.53,99.35,11.53,99.88,11.45,99.19,11.5,99.88,1143165,40559
2015-05-11,11.5,99.69,11.52,99.79,11.4,99.29,11.44,99.31,1521417,8858
2015-05-12,11.51,98.77,11.56,99.18,11.5,98.27,11.54,98.83,1020742,12832
2015-05-13,11.66,99.35,11.79,99.86,11.66,99.14,11.74,99.41,2747134,19153
2015-05-14,11.82,100.14,11.87,101.05,11.8,99.85,11.81,101.05,1857405,25273
2015-05-15,11.78,101.09,11.86,101.22,11.76,100.6,11.84,100.78,1454030,10567
2015-05-18,11.87,100.73,11.89,101.12,11.82,100.35,11.84,100.93,1889649,12447
2015-05-19,11.76,101.09,11.76,101.41,11.66,100.87,11.68,100.88,1943651,16560
2015-05-20,11.7,101.04,11.74,101.38,11.67,100.75,11.7,101.01,2702822,34521
2015-05-21,11.64,100.74,11.69,101.34,11.64,100.74,11.66,101.28,2164293,17923
2015-05-22,11.65,101.17,11.68,101.46,11.62,101.15,11.65,101.26,1277074,7609
2015-05-26,11.48,100.92,11.51,100.92,11.47,99.36,11.48,99.74,3411064,50429
2015-05-27,11.47,100.1,11.5,101.46,11.46,100.01,11.48,101.24,1789226,16962
2015-05-28,11.48,101.16,11.51,101.32,11.41,100.9,11.49,101.26,1695089,26408
2015-05-29,11.51,101.18,11.54,101.18,11.49,100.24,11.51,100.51,2324372,23364
2015-06-01,11.6,100.68,11.64,101.07,11.48,99.99,11.5,100.55,2096957,29841
2015-06-02,11.54,100.4,11.56,101.0,11.51,99.96,11.54,100.55,2790113,35094
2015-06-03,11.51,100.89,11.53,101.24,11.4,100.53,11.46,100.59,1767542,13547
2015-06-04,11.38,100.3,11.4,100.66,11.34,99.61,11.38,99.8,1925957,27925
2015-06-05,11.25,99.6,11.34,99.84,11.25,98.95,11.32,99.39,2023169,30651
2015-06-08,11.33,99.16,11.36,99.16,11.3,98.16,11.35,98.48,2193224,18286
2015-06-09,11.41,98.16,11.42,98.32,11.37,97.4,11.37,97.99,1213177,46858
2015-06-10,11.51,98.41,11.51,99.75,11.46,98.31,11.47,99.54,1911210,174144
2015-06-11,11.41,99.64,11.44,99.98,11.38,99.37,11.43,99.44,1635621,172266
2015-06-12,11.4,99.1,11.45,99.23,11.39,98.8,11.41,98.86,1116983,19593
2015-06-15,11.43,98.02,11.51,98.3,11.41,97.54,11.46,98.3,2100447,42404
2015-06-16,11.4,98.09,11.44,98.83,11.37,98.01,11.42,98.64,1316375,29093
2015-06-17,11.4,98.74,11.5,99.01,11.35,98.13,11.47,98.87,2209493,19816
2015-06-18,11.62,98.83,11.66,99.78,11.58,98.83,11.62,99.5,5170713,70649
2015-06-19,11.63,99.66,11.65,99.76,11.59,98.98,11.6,98.98,1699125,20999
2015-06-22,11.48,99.76,11.49,100.16,11.43,99.67,11.45,99.89,4192968,19101
2015-06-23,11.38,100.05,11.41,100.08,11.37,99.75,11.39,100.06,2224004,39131
2015-06-24,11.34,99.29,11.37,99.65,11.32,98.91,11.35,99.01,1577303,14386
2015-06-25,11.34,99.25,11.37,99.3,11.33,98.6,11.33,98.74,2038559,7996
2015-06-26,11.31,98.51,11.36,98.58,11.3,97.49,11.35,97.91,2171228,29010
2015-06-29,11.37,96.94,11.42,96.98,11.35,95.48,11.39,95.48,4034984,19486
2015-06-30,11.32,96.28,11.4,96.36,11.28,95.42,11.34,95.67,3143501,69958
2015-07-01,11.31,96.52,11.34,96.89,11.28,96.08,11.3,96.43,2782384,113610
2015-07-02,11.26,96.62,11.28,96.75,11.23,96.13,11.27,96.43,2615613,15773
2015-07-06,11.26,95.47,11.35,96.1,11.25,95.01,11.3,95.55,1623463,21371
2015-07-07,11.21,95.49,11.21,95.74,11.1,93.97,11.18,95.52,2288661,45974
2015-07-08,11.23,94.58,11.26,94.6,11.2,93.67,11.21,93.72,4924341,111631
2015-07-09,11.27,94.65,11.28,95.4,11.21,93.96,11.23,94.1,1700954,15681
2015-07-10,11.22,95.49,11.27,95.64,11.19,94.93,11.24,95.4,1319405,16297
2015-07-13,11.13,96.07,11.21,96.85,11.13,96.07,11.2,96.74,1443873,21572
2015-07-14,11.19,96.63,11.2,97.16,11.15,96.41,11.17,96.99,1440464,15362
2015-07-15,11.09,96.99,11.11,97.32,11.05,96.77,11.1,96.92,1576604,17327
2015-07-16,11.06,97.74,11.1,98.07,11.05,97.53,11.06,98.06,1707357,68458
2015-07-17,11.01,98.95,11.01,99.56,10.93,98.95,10.95,99.53,5505484,26159
2015-07-20,10.75,99.93,10.75,100.34,10.64,99.59,10.65,100.01,5895083,78790
2015-07-21,10.67,99.89,10.72,100.12,10.61,99.47,10.62,99.65,12201840,110134
2015-07-22,10.52,97.52,10.59,98.38,10.5,97.52,10.56,98.02,9449680,19933
2015-07-23,10.58,98.08,10.62,98.4,10.5,97.47,10.52,97.53,7157917,24428
2015-07-24,10.45,98.12,10.65,98.22,10.43,96.79,10.62,96.86,3213276,34466
2015-07-27,10.58,96.44,10.65,96.61,10.55,95.82,10.58,95.99,2750483,180208
2015-07-28,10.6,96.39,10.62,97.01,10.57,95.69,10.58,96.8,1888052,10606
2015-07-29,10.57,96.8,10.65,97.57,10.53,96.5,10.6,97.39,2214081,13361
2015-07-30,10.49,96.86,10.59,97.57,10.47,96.61,10.51,97.41,1830592,12103
2015-07-31,10.62,97.81,10.66,97.93,10.56,96.98,10.58,97.15,2730155,56824
2015-08-03,10.54,96.93,10.57,97.11,10.49,95.95,10.49,96.43,2179948,9681
2015-08-04,10.54,96.23,10.57,96.38,10.49,95.55,10.52,95.74,2232858,46183
2015-08-05,10.52,96.07,10.54,97.23,10.46,96.07,10.48,96.53,7818208,25770
2015-08-06,10.5,96.62,10.57,96.85,10.5,95.46,10.52,95.7,2811209,54144
2015-08-07,10.56,95.62,10.63,95.89,10.54,95.24,10.56,95.61,2394641,23148
2015-08-10,10.58,96.34,10.72,97.35,10.58,96.34,10.66,97.14,3306775,14173
2015-08-11,10.73,96.64,10.75,96.69,10.67,95.3,10.72,95.54,2556155,16981
2015-08-12,10.78,94.81,10.88,95.9,10.78,93.93,10.86,95.63,4030835,58222
2015-08-13,10.78,96.1,10.81,96.27,10.76,95.57,10.77,95.77,1772579,9883
2015-08-14,10.79,95.58,10.83,96.24,10.74,95.5,10.78,96.24,1187836,11442
2015-08-17,10.83,95.65,10.84,96.43,10.79,95.34,10.79,96.43,1211057,43069
2015-08-18,10.76,96.2,10.82,96.2,10.72,95.76,10.8,95.89,1786397,15140
2015-08-19,10.86,95.51,10.96,95.8,10.85,94.62,10.94,95.17,2243848,26985
2015-08-20,11.08,94.27,11.16,94.44,11.06,92.91,11.14,92.91,9404283,23817
2015-08-21,11.18,91.99,11.23,92.09,11.11,89.13,11.2,89.13,4552747,59926
2015-08-24,11.26,87.89,11.31,89.18,11.07,79.96,11.14,86.0,7631479,159688
2015-08-25,11.09,86.86,11.1,90.59,10.96,85.47,11.02,86.08,5664195,84772
2015-08-26,10.87,86.32,10.9,89.81,10.8,86.32,10.87,89.79,2856662,54818
2015-08-27,10.83,90.68,10.9,91.81,10.8,90.08,10.85,91.81,5556218,62741
2015-08-28,10.9,91.32,11.02,92.01,10.9,91.32,10.95,91.87,2215893,38297
2015-08-31,10.91,91.43,10.98,92.03,10.9,90.94,10.98,91.22,2336191,113844
2015-09-01,11.05,90.23,11.07,90.23,10.98,87.78,11.02,88.29,4212768,121077
2015-09-02,11.0,89.93,11.03,90.29,10.94,88.86,10.95,90.29,2294111,22631
2015-09-03,10.88,90.87,10.92,91.53,10.85,90.27,10.88,90.45,2549202,43622
2015-09-04,10.8,89.55,10.85,89.59,10.8,88.47,10.83,89.04,3488914,38764
2015-09-08,10.85,90.78,10.89,91.56,10.82,90.55,10.84,91.43,1663932,176676
2015-09-09,10.76,92.4,10.76,92.61,10.64,90.36,10.7,90.4,4083787,37950
2015-09-10,10.75,90.38,10.76,91.6,10.71,90.36,10.72,91.24,2565710,13479
2015-09-11,10.64,90.55,10.71,91.52,10.62,90.44,10.71,91.42,1875415,97776
2015-09-14,10.67,91.85,10.73,91.85,10.66,91.15,10.72,91.38,1641096,100912
2015-09-15,10.67,91.67,10.7,92.76,10.65,91.6,10.67,92.57,1103716,51317
2015-09-16,10.74,92.79,10.86,93.4,10.74,92.6,10.81,93.36,3535100,41567
2015-09-17,10.79,92.96,10.95,94.01,10.79,92.78,10.94,92.81,2112185,16024
2015-09-18,11.0,91.37,11.03,92.2,10.97,91.26,11.01,91.39,6902535,23825
2015-09-21,10.94,91.68,10.96,92.36,10.92,91.41,10.94,92.11,4026405,20064
2015-09-22,10.85,90.61,10.89,90.79,10.84,89.91,10.88,90.56,3297648,28539
2015-09-23,10.95,90.69,10.95,90.92,10.91,90.26,10.91,90.73,4957494,29472
2015-09-24,11.05,89.84,11.18,90.67,11.05,89.01,11.13,90.54,5592338,58170
2015-09-25,11.07,91.46,11.1,91.69,11.05,90.13,11.08,90.58,4268862,15092
2015-09-28,10.93,89.97,10.99,89.97,10.92,88.33,10.94,88.33,1874521,15305
2015-09-29,10.92,88.58,10.96,89.04,10.88,87.42,10.9,88.01,1533456,96911
2015-09-30,10.78,89.22,10.8,90.03,10.74,89.22,10.78,89.97,5491403,72809
2015-10-01,10.78,90.27,10.82,90.27,10.75,88.99,10.76,90.1,3907148,32600
2015-10-02,10.95,89.27,11.03,91.62,10.95,89.02,11.0,91.62,4204777,20166
2015-10-05,11.01,92.21,11.03,93.58,10.94,92.21,10.96,93.36,1730738,51716
2015-10-06,11.07,93.22,11.12,93.65,11.06,93.08,11.08,93.41,1657892,28765
2015-10-07,11.06,94.4,11.11,94.5,11.03,93.13,11.06,94.11,5246375,18986
2015-10-08,11.0,94.07,11.13,94.83,11.0,93.6,11.01,94.73,9751282,20596
2015-10-09,11.15,94.9,11.21,95.28,11.12,94.7,11.18,95.21,4395341,13586
2015-10-12,11.27,95.2,11.28,95.3,11.2,94.91,11.23,95.23,6262066,23834
2015-10-13,11.24,94.9,11.29,95.44,11.23,94.78,11.28,94.78,5965510,28994
2015-10-14,11.35,94.81,11.5,95.29,11.32,94.42,11.48,94.73,8672552,21962
2015-10-15,11.42,95.49,11.5,96.2,11.39,95.34,11.43,96.16,8658081,114910
2015-10-16,11.43,96.29,11.45,96.31,11.34,95.82,11.35,96.31,4453217,13160
2015-10-19,11.36,96.07,11.37,96.58,11.29,96.06,11.29,96.58,4176012,134119
2015-10-20,11.33,96.24,11.41,96.51,11.33,96.0,11.38,96.31,5347161,76561
2015-10-21,11.33,96.67,11.34,96.88,11.24,95.68,11.27,95.86,4848106,38921
2015-10-22,11.25,96.4,11.32,98.09,11.24,96.4,11.27,97.92,5974965,36317
2015-10-23,11.27,100.1,11.28,100.78,11.19,99.99,11.25,100.42,5172146,18518
2015-10-26,11.27,100.21,11.3,100.21,11.23,99.7,11.24,100.11,8137532,108599
2015-10-27,11.23,99.67,11.28,99.95,11.22,99.22,11.27,99.29,3448768,46096
2015-10-28,11.36,99.77,11.43,100.63,11.13,99.39,11.18,100.57,7350081,26661
2015-10-29,11.12,100.09,11.16,100.55,11.06,99.89,11.06,100.42,6770656,39900
2015-10-30,11.05,100.59,11.06,100.61,11.0,99.74,11.02,99.74,5094174,48163
2015-11-02,10.96,100.1,10.98,100.95,10.94,99.98,10.95,100.95,7991524,164188
2015-11-03,10.87,100.68,10.88,101.9,10.76,100.45,10.78,101.56,6083332,54824
2015-11-04,10.79,101.87,10.8,101.87,10.68,101.42,10.68,101.65,7170320,54355
2015-11-05,10.69,101.82,10.71,102.16,10.65,101.2,10.65,101.53,5383627,62562
2015-11-06,10.51,101.15,10.54,101.63,10.49,100.98,10.5,101.54,7726238,16816
2015-11-09,10.52,101.37,10.55,101.48,10.51,100.26,10.53,100.79,4661471,105559
2015-11-10,10.49,99.96,10.56,100.05,10.47,99.57,10.5,99.88,5862027,176413
2015-11-11,10.5,100.32,10.51,100.6,10.46,99.87,10.48,99.94,2531393,17555
2015-11-12,10.4,99.66,10.52,99.97,10.39,99.14,10.47,99.14,12746497,20818
2015-11-13,10.44,98.71,10.47,98.71,10.44,97.24,10.45,97.24,19984347,23675
2015-11-16,10.49,97.1,10.5,98.62,10.44,97.03,10.46,98.52,5580869,126408
2015-11-17,10.43,98.75,10.43,99.29,10.29,98.48,10.33,98.56,7778980,55943
2015-11-18,10.32,98.95,10.38,100.1,10.29,98.95,10.32,100.1,19922127,47037
2015-11-19,10.4,100.22,10.5,101.0,10.4,100.22,10.45,100.44,5474385,54988
2015-11-20,10.45,101.1,10.46,101.36,10.38,100.94,10.4,101.23,5580952,18919
2015-11-23,10.33,101.14,10.37,101.32,10.3,100.45,10.31,100.78,6691965,15485
2015-11-24,10.41,100.21,10.42,100.98,10.36,99.85,10.39,100.69,7279051,15605
2015-11-25,10.34,100.9,10.36,100.94,10.31,100.5,10.33,100.5,7138233,50264
2015-11-27,10.18,100.69,10.25,100.82,10.18,100.39,10.22,100.54,6822270,11241
2015-11-30,10.24,100.8,10.33,100.97,10.24,100.37,10.28,100.7,8121151,38858
2015-12-01,10.32,100.96,10.33,101.83,10.27,100.96,10.31,101.83,6489097,51589
2015-12-02,10.22,101.59,10.23,102.0,10.14,100.92,10.15,101.0,10011769,23351
2015-12-03,10.2,101.41,10.29,101.48,10.17,99.46,10.26,99.92,8718990,56864
2015-12-04,10.36,99.94,10.51,102.17,10.36,99.94,10.5,102.0,8341550,19947
2015-12-07,10.42,101.87,10.43,101.94,10.34,100.94,10.35,101.32,3959680,26852
2015-12-08,10.4,100.2,10.42,101.18,10.35,100.02,10.37,100.93,7011017,26647
2015-12-09,10.44,100.59,10.46,101.26,10.32,99.21,10.35,99.59,7101626,46579
2015-12-10,10.34,99.92,10.37,100.44,10.33,99.66,10.35,99.82,6456111,21291
2015-12-11,10.28,98.7,10.42,98.94,10.27,97.68,10.39,97.79,6237326,36097
2015-12-14,10.35,97.95,10.37,98.46,10.26,96.8,10.27,98.36,4557890,22469
2015-12-15,10.26,99.1,10.3,99.56,10.23,98.82,10.24,98.85,7168147,32416
2015-12-16,10.35,99.61,10.41,100.42,10.26,98.74,10.37,100.2,8888371,35934
2015-12-17,10.18,100.32,10.19,100.47,10.12,98.63,10.15,98.71,10515012,22017
2015-12-18,10.22,98.1,10.34,98.57,10.22,96.82,10.29,96.82,12057708,36507
2015-12-21,10.38,97.18,10.45,97.6,10.38,96.5,10.4,97.22,5575218,17330
2015-12-22,10.4,97.62,10.41,98.1,10.34,97.33,10.35,97.86,4273767,15606
2015-12-23,10.33,98.32,10.35,98.71,10.31,98.18,10.32,98.71,4440527,28656
2015-12-24,10.37,98.63,10.4,98.87,10.37,98.53,10.39,98.74,2043013,5845
2015-12-28,10.35,98.3,10.35,98.6,10.29,97.85,10.32,98.6,6267468,21607
2015-12-29,10.34,99.06,10.35,100.0,10.3,98.96,10.3,99.63,4170962,74320
2015-12-30,10.23,99.4,10.25,99.63,10.22,98.83,10.23,98.83,6709317,76568
2015-12-31,10.24,98.7,10.27,98.7,10.22,97.52,10.23,97.52,5240672,18046
2016-01-04,10.4,95.58,10.46,95.97,10.34,94.52,10.38,95.81,3406820,44007
2016-01-05,10.4,96.21,10.44,96.36,10.38,95.27,10.4,95.53,5016681,45677
2016-01-06,10.53,93.88,10.57,94.63,10.49,93.66,10.57,94.04,21263881,30108
2016-01-07,10.67,92.38,10.72,93.2,10.62,91.3,10.72,91.39,31374705,50993
2016-01-08,10.65,92.22,10.68,92.43,10.6,90.56,10.66,90.63,6116052,20015
2016-01-11,10.65,91.5,10.65,91.5,10.56,90.27,10.57,91.39,7814697,15640
2016-01-12,10.5,92.14,10.56,92.35,10.46,91.16,10.52,92.17,11622767,24921
2016-01-13,10.49,92.76,10.58,92.89,10.47,89.76,10.57,89.88,7868461,19558
2016-01-14,10.48,90.36,10.51,92.08,10.34,89.24,10.39,91.49,5323637,33562
2016-01-15,10.58,88.75,10.59,89.24,10.49,87.5,10.51,88.45,6159063,91897
2016-01-19,10.5,90.0,10.54,90.32,10.46,88.24,10.5,88.99,5628410,191251
2016-01-20,10.61,87.32,10.71,88.89,10.59,85.86,10.64,88.2,6866469,177069
2016-01-21,10.59,88.49,10.65,89.66,10.54,87.63,10.65,88.54,4419410,36826
2016-01-22,10.59,90.35,10.65,91.12,10.57,90.3,10.59,91.11,4865432,31657
2016-01-25,10.66,90.98,10.71,91.32,10.65,89.82,10.71,89.82,26753511,81544
2016-01-26,10.74,90.23,10.84,91.08,10.72,89.95,10.83,90.7,7977667,26367
2016-01-27,10.79,90.18,10.89,90.54,10.76,88.57,10.86,88.74,5472188,21332
2016-01-28,10.76,89.92,10.78,90.17,10.74,89.0,10.75,89.72,4885264,22432
2016-01-29,10.76,90.43,10.8,92.48,10.72,90.37,10.78,92.48,4751199,27182
2016-02-01,10.85,92.08,10.91,93.05,10.85,92.08,10.91,92.68,8322565,90724
2016-02-02,10.89,92.17,10.92,92.92,10.83,90.71,10.91,90.89,17392690,44268
2016-02-03,10.9,91.59,11.06,91.59,10.89,89.61,11.03,90.8,8110991,101499
2016-02-04,11.15,90.68,11.18,91.65,11.09,90.14,11.17,91.0,9719935,42378
2016-02-05,11.09,90.77,11.34,90.96,11.06,88.0,11.33,88.21,5738516,23476
2016-02-08,11.47,86.91,11.59,87.19,11.44,85.5,11.5,86.86,14387573,22139
2016-02-09,11.56,85.6,11.58,87.33,11.46,85.6,11.46,86.36,7434013,49003
2016-02-10,11.5,87.33,11.56,88.17,11.4,86.5,11.54,86.56,5692577,30263
2016-02-11,11.96,85.43,12.19,86.64,11.89,85.28,12.03,86.33,31461987,23620
2016-02-12,11.93,86.99,11.98,87.29,11.9,86.29,11.94,87.22,10798500,15796
2016-02-16,11.72,88.6,11.74,89.25,11.57,88.17,11.57,89.09,5750378,69785
2016-02-17,11.65,89.77,11.72,91.33,11.6,89.77,11.64,91.1,11903084,19018
2016-02-18,11.63,91.65,11.97,91.84,11.63,90.77,11.95,90.81,25099870,15845
2016-02-19,11.84,90.35,11.91,90.98,11.82,90.2,11.86,90.87,4092050,13469
2016-02-22,11.65,91.73,11.73,92.27,11.64,91.73,11.65,91.99,4084716,10575
2016-02-23,11.77,91.6,11.85,91.7,11.76,90.5,11.84,90.56,4904829,8616
2016-02-24,12.0,89.51,12.1,91.22,11.84,89.02,11.86,91.05,10362786,63041
2016-02-25,11.88,91.4,12.0,92.26,11.86,90.93,11.92,92.26,5838252,23412
2016-02-26,11.86,92.67,11.88,92.8,11.7,91.74,11.81,91.99,5144819,27912
2016-02-29,11.87,92.05,11.99,92.47,11.86,91.39,11.99,91.39,3605644,28675
2016-03-01,11.98,92.24,11.99,94.0,11.84,92.24,11.88,93.94,8193644,7686
2016-03-02,11.95,94.01,12.01,94.3,11.92,93.77,11.97,94.25,11521766,16745
2016-03-03,12.0,94.41,12.24,94.56,11.99,93.82,12.17,94.52,5585036,16673
2016-03-04,12.23,94.93,12.37,95.44,12.14,94.5,12.17,94.83,22198368,23240
2016-03-07,12.23,94.25,12.27,94.59,12.15,93.73,12.23,94.31,9301527,16969
2016-03-08,12.3,93.52,12.3,94.06,12.16,93.25,12.17,93.46,7188756,32088
2016-03-09,12.04,93.85,12.15,94.24,12.0,93.61,12.08,94.18,6933013,12578
2016-03-10,12.17,94.72,12.29,95.14,12.15,93.11,12.27,94.1,6950627,18900
2016-03-11,12.23,95.25,12.25,96.0,12.05,95.18,12.06,95.9,4382703,20156
2016-03-14,12.15,95.89,12.15,96.38,11.86,95.77,11.89,96.21,9924964,39116
2016-03-15,11.88,95.77,11.91,96.48,11.85,95.69,11.91,96.34,5868324,47375
2016-03-16,11.85,96.1,12.19,97.68,11.84,96.1,12.16,97.51,7353600,13553
2016-03-17,12.22,97.22,12.23,98.2,12.11,97.22,12.13,98.01,14597139,9843
2016-03-18,12.07,98.33,12.14,98.36,12.06,97.81,12.1,98.18,7849529,30573
2016-03-21,12.02,97.98,12.05,98.57,11.98,97.98,12.01,98.44,5029001,44849
2016-03-22,12.08,98.14,12.13,98.99,12.01,98.14,12.05,98.72,4202110,33103
2016-03-23,11.78,98.6,11.82,98.63,11.72,97.84,11.76,97.95,6920847,19911
2016-03-24,11.78,97.47,11.81,98.02,11.74,97.47,11.75,98.02,26374138,5784
2016-03-28,11.79,98.14,11.8,98.22,11.73,97.82,11.78,97.98,3602510,16799
2016-03-29,11.85,97.76,11.99,99.51,11.8,97.52,11.98,99.48,12309613,28657
2016-03-30,11.9,99.99,11.93,100.61,11.81,99.99,11.83,100.08,6079453,19501
2016-03-31,11.93,100.07,11.96,100.35,11.87,99.76,11.88,99.85,7896073,29884
2016-04-01,11.72,98.99,11.81,100.38,11.66,98.72,11.81,100.28,11475196,12867
2016-04-04,11.77,100.37,11.78,100.37,11.72,99.68,11.72,99.89,5664319,38475
2016-04-05,11.88,98.88,11.91,99.09,11.83,98.54,11.88,98.67,8835932,19710
2016-04-06,11.79,98.78,11.85,99.82,11.74,98.5,11.81,99.62,8237402,39307
2016-04-07,11.97,99.08,12.0,99.39,11.92,98.06,11.98,98.4,8514121,11825
2016-04-08,11.92,99.3,11.99,99.39,11.91,98.47,11.96,98.69,8273154,12295
2016-04-11,12.06,99.06,12.15,99.76,12.05,98.55,12.12,98.55,4854853,19177
2016-04-12,12.14,98.76,12.15,99.46,12.07,98.13,12.13,99.29,4339688,202338
2016-04-13,12.05,100.06,12.06,100.87,11.97,100.06,12.0,100.83,3804737,18246
2016-04-14,11.92,100.68,11.93,100.98,11.8,100.45,11.83,100.68,5255211,27328
2016-04-15,11.85,100.59,11.92,100.77,11.83,100.1,11.91,100.17,2485489,10501
2016-04-18,11.96,99.97,11.97,100.65,11.87,99.97,11.87,100.55,5263429,16759
2016-04-19,12.1,100.89,12.12,100.99,12.05,99.94,12.06,100.27,3926120,97889
2016-04-20,12.09,100.3,12.12,100.93,11.98,100.04,12.0,100.44,3709670,27733
2016-04-21,12.16,100.35,12.17,100.45,12.02,99.89,12.05,100.1,4998009,24026
2016-04-22,11.99,98.85,12.02,99.11,11.84,98.01,11.91,98.49,3297701,17145
2016-04-25,11.92,98.25,11.99,98.36,11.92,97.98,11.93,98.36,2999042,15536
2016-04-26,11.99,98.65,12.0,98.7,11.95,97.79,11.99,98.02,2602361,32055
2016-04-27,12.01,96.95,12.08,97.55,11.95,96.58,12.02,97.41,5227267,26171
2016-04-28,12.11,97.41,12.25,97.75,12.09,95.84,12.23,96.01,4775962,32553
2016-04-29,12.36,95.55,12.51,95.66,12.35,94.43,12.48,95.04,38738106,46565
2016-05-02,12.5,95.31,12.52,95.9,12.42,94.89,12.45,95.64,8232654,17840
2016-05-03,12.5,95.07,12.5,95.19,12.37,94.43,12.42,94.65,6448206,49490
2016-05-04,12.4,94.31,12.44,94.6,12.27,94.0,12.36,94.2,6288065,22809
2016-05-05,12.38,94.62,12.39,94.8,12.24,94.03,12.34,94.26,11181789,12205
2016-05-06,12.4,94.0,12.5,94.85,12.38,94.0,12.44,94.85,8346826,33223
2016-05-09,12.24,95.07,12.25,95.38,12.17,94.82,12.17,94.82,5354656,36704
2016-05-10,12.19,95.07,12.25,96.04,12.12,95.06,12.22,96.03,4379293,15042
2016-05-11,12.31,95.87,12.33,96.32,12.25,95.34,12.33,95.44,3855884,31681
2016-05-12,12.32,95.78,12.36,95.87,12.21,94.45,12.23,95.01,5336075,16957
2016-05-13,12.22,94.77,12.3,95.38,12.18,94.37,12.28,94.66,3715815,11347
2016-05-16,12.41,94.88,12.42,96.2,12.25,94.77,12.3,95.86,4679767,10941
2016-05-17,12.28,95.83,12.37,96.18,12.26,94.9,12.34,95.05,6283404,10130
2016-05-18,12.24,94.9,12.31,95.98,12.1,94.88,12.11,95.37,11266944,25993
2016-05-19,12.02,95.17,12.11,95.18,12.0,94.28,12.09,94.84,11197261,20784
2016-05-20,12.12,95.36,12.15,96.25,12.04,95.36,12.06,95.93,4161112,24106
2016-05-23,12.0,96.18,12.07,96.58,11.98,96.0,12.05,96.0,4359872,30599
2016-05-24,11.92,96.45,11.94,97.92,11.83,96.39,11.84,97.81,10133516,17469
2016-05-25,11.77,98.31,11.82,98.83,11.74,98.12,11.81,98.6,4544910,39619
2016-05-26,11.87,98.79,11.87,98.94,11.75,98.35,11.76,98.8,4095177,17021
2016-05-27,11.74,98.98,11.75,99.38,11.63,98.69,11.68,99.31,9888463,47591
2016-05-31,11.68,99.69,11.75,99.73,11.67,99.0,11.72,99.6,4109725,37744
2016-06-01,11.7,99.15,11.73,99.75,11.63,99.12,11.69,99.46,5632894,27612
2016-06-02,11.69,99.29,11.71,99.53,11.66,98.73,11.66,99.48,3108669,62116
2016-06-03,11.93,99.43,12.0,99.45,11.93,98.8,11.98,99.25,5102761,51251
2016-06-06,12.01,99.6,12.03,100.03,11.96,99.6,12.0,99.78,3999445,24801
2016-06-07,11.97,100.09,12.02,100.41,11.95,100.09,11.99,100.24,3618255,5236
2016-06-08,12.14,100.26,12.19,100.63,12.14,100.09,12.18,100.41,2643335,18846
2016-06-09,12.18,99.93,12.27,100.36,12.17,99.86,12.25,100.29,3608250,10042
2016-06-10,12.28,99.27,12.33,99.48,12.23,98.71,12.3,98.98,4967619,13485
2016-06-13,12.4,98.01,12.41,98.45,12.32,97.69,12.39,97.72,3794155,14383
2016-06-14,12.43,97.42,12.43,97.95,12.35,97.07,12.4,97.64,4781829,10310
2016-06-15,12.38,98.15,12.51,98.4,12.36,97.75,12.49,97.92,9776728,19083
2016-06-16,12.64,97.24,12.69,98.09,12.34,96.83,12.36,97.97,14666868,11485
2016-06-17,12.45,97.85,12.54,97.85,12.39,96.97,12.52,97.34,5164005,8939
2016-06-20,12.35,98.48,12.45,99.01,12.33,98.08,12.45,98.09,3983238,21991
2016-06-21,12.29,97.93,12.3,98.39,12.2,97.71,12.21,98.32,4791256,8663
2016-06-22,12.2,98.51,12.25,98.6,12.18,97.87,12.2,97.96,5366271,31670
2016-06-23,12.16,98.66,12.22,99.5,12.12,98.36,12.12,99.5,6420972,8203
2016-06-24,12.78,95.34,12.8,96.76,12.62,94.66,12.72,94.86,10857274,51682
2016-06-27,12.77,94.15,12.83,94.15,12.71,92.35,12.8,92.67,12027343,29102
2016-06-28,12.68,93.96,12.73,94.73,12.63,93.7,12.66,94.7,6797153,37286
2016-06-29,12.72,95.61,12.81,96.42,12.69,95.52,12.7,96.33,6196449,17236
2016-06-30,12.71,96.49,12.78,97.33,12.68,96.26,12.76,97.33,63065908,34106
2016-07-01,12.9,97.42,12.97,97.95,12.87,97.42,12.97,97.53,8911470,35656
2016-07-05,13.0,96.9,13.09,97.18,12.94,96.25,13.08,96.47,4068391,7727
2016-07-06,13.18,96.08,13.25,96.92,13.12,95.52,13.16,96.83,8068484,25673
2016-07-07,13.11,97.17,13.14,97.46,13.02,96.85,13.11,97.09,5509223,10402
2016-07-08,13.12,97.96,13.18,98.9,13.02,97.96,13.18,98.8,4898363,12939
2016-07-11,13.08,99.45,13.12,100.17,13.04,99.37,13.07,99.81,5660921,33643
2016-07-12,12.98,100.56,12.98,100.94,12.83,100.37,12.85,100.9,6182182,10481
2016-07-13,12.93,101.04,12.98,101.04,12.89,100.6,12.96,100.74,3109106,6778
2016-07-14,12.76,101.56,12.87,101.85,12.72,101.48,12.86,101.65,8832180,21035
2016-07-15,12.77,101.85,12.85,102.0,12.76,101.25,12.82,101.45,4710297,12896
2016-07-18,12.83,101.72,12.88,102.52,12.79,101.72,12.84,102.51,3466141,25120
2016-07-19,12.82,102.2,12.87,102.45,12.8,102.06,12.85,102.24,2520997,16930
2016-07-20,12.68,102.98,12.74,103.86,12.65,102.98,12.67,103.69,4200295,13983
2016-07-21,12.7,103.62,12.86,103.72,12.68,102.98,12.86,103.03,4035050,27531
2016-07-22,12.77,103.12,12.78,103.59,12.72,102.79,12.76,103.51,2179419,18151
2016-07-25,12.68,103.44,12.75,103.57,12.64,103.07,12.68,103.39,2922532,9021
2016-07-26,12.74,103.45,12.74,103.96,12.7,103.3,12.73,103.89,2071329,14794
2016-07-27,12.81,105.0,12.94,105.0,12.74,104.2,12.94,104.57,5027951,66025
2016-07-28,12.94,104.73,12.95,105.01,12.84,104.39,12.89,105.01,3118775,38446
2016-07-29,12.96,105.31,13.07,105.56,12.91,105.0,13.02,105.39,4040352,40166
2016-08-01,12.98,105.28,13.06,105.87,12.98,105.2,13.05,105.62,3849135,19000
2016-08-02,13.13,105.46,13.18,105.46,13.12,104.38,13.16,104.72,3990329,23202
2016-08-03,13.13,104.39,13.13,104.9,13.05,104.39,13.1,104.84,2902901,18176
2016-08-04,13.13,105.04,13.16,105.68,13.11,105.0,13.12,105.55,3809343,7311
2016-08-05,12.97,106.15,12.98,106.86,12.87,106.15,12.89,106.73,6776218,11555
2016-08-08,12.86,107.09,12.9,107.09,12.85,106.63,12.88,106.79,3426349,25099
2016-08-09,12.93,107.14,12.95,107.52,12.9,107.14,12.93,107.33,4239149,13675
2016-08-10,13.05,107.28,13.05,107.51,12.94,106.83,12.99,107.0,4817472,14432
2016-08-11,13.0,107.24,13.05,107.61,12.88,107.23,12.9,107.53,8168556,9792
2016-08-12,13.04,107.12,13.06,107.3,12.85,106.98,12.86,107.09,7184328,7890
2016-08-15,12.9,107.41,12.96,108.05,12.89,107.41,12.91,107.93,3932709,7168
2016-08-16,12.94,107.71,13.03,107.71,12.93,107.31,12.98,107.49,9034896,49631
2016-08-17,12.95,107.35,13.03,107.45,12.88,106.74,12.98,107.38,6375074,31014
2016-08-18,13.02,107.54,13.05,107.83,12.99,107.42,13.04,107.72,3899575,15410
2016-08-19,12.94,107.43,12.99,107.94,12.91,107.43,12.93,107.87,4264639,71357
2016-08-22,12.89,107.63,12.92,107.88,12.87,107.25,12.91,107.67,4309642,16527
2016-08-23,12.94,108.12,12.97,108.48,12.89,108.12,12.9,108.14,10691597,10431
2016-08-24,12.81,107.92,12.82,108.11,12.75,107.42,12.77,107.51,4695351,15918
2016-08-25,12.72,107.37,12.76,107.76,12.72,107.33,12.75,107.61,3630651,18290
2016-08-26,12.82,107.66,12.93,108.37,12.71,107.05,12.73,107.57,6545240,16971
2016-08-29,12.72,107.66,12.78,108.24,12.71,107.66,12.76,107.98,5269696,55016
2016-08-30,12.7,107.96,12.72,108.26,12.62,107.62,12.64,107.75,4946087,11923
2016-08-31,12.6,107.63,12.64,107.82,12.59,107.32,12.6,107.63,4533806,15449
2016-09-01,12.6,107.48,12.68,108.03,12.58,107.12,12.65,107.93,7835711,105047
2016-09-02,12.76,108.38,12.78,108.65,12.68,108.12,12.78,108.45,5092147,19781
2016-09-06,12.86,108.96,13.04,109.34,12.85,108.69,13.01,109.34,6010103,29010
2016-09-07,13.01,109.56,13.02,109.75,12.94,109.17,12.96,109.67,5779384,17401
2016-09-08,12.95,109.35,12.98,109.35,12.87,108.68,12.88,108.88,4819308,6998
2016-09-09,12.86,107.71,12.88,107.92,12.8,106.31,12.81,106.33,4342796,132557
2016-09-12,12.76,105.33,12.82,107.8,12.73,105.29,12.78,107.72,5087574,36987
2016-09-13,12.78,107.06,12.79,107.39,12.68,106.45,12.7,106.87,4037717,117485
2016-09-14,12.74,106.81,12.78,107.82,12.73,106.81,12.74,107.2,3535901,8708
2016-09-15,12.7,107.62,12.74,109.35,12.61,107.62,12.67,109.21,7429478,135265
2016-09-16,12.61,108.88,12.65,108.88,12.59,108.18,12.64,108.66,3881853,166889
2016-09-19,12.69,109.21,12.69,109.78,12.65,108.64,12.65,108.64,3410906,6856
2016-09-20,12.65,109.26,12.69,109.29,12.64,108.66,12.67,108.81,4392174,44865
2016-09-21,12.76,109.36,12.87,110.17,12.72,108.84,12.85,110.07,7430491,11946
2016-09-22,12.88,111.03,12.95,111.17,12.88,110.78,12.89,110.9,11780591,42710
2016-09-23,12.9,110.53,12.92,110.55,12.87,109.66,12.9,109.82,15463519,51245
2016-09-26,12.93,109.1,12.94,109.23,12.87,108.83,12.88,108.9,4188137,25845
2016-09-27,12.82,109.0,12.82,110.14,12.77,109.0,12.8,110.09,4971989,18513
2016-09-28,12.75,110.42,12.77,110.78,12.7,110.01,12.76,110.77,4335626,140502
2016-09-29,12.72,110.62,12.77,110.78,12.68,109.72,12.73,110.09,4327256,50992
2016-09-30,12.79,110.39,12.79,110.86,12.66,110.09,12.69,110.71,6301698,13069
2016-10-03,12.67,110.38,12.68,110.54,12.62,110.03,12.66,110.35,4203356,12739
2016-10-04,12.44,110.44,12.44,110.84,12.2,109.67,12.24,109.97,10159712,23059
2016-10-05,12.25,110.46,12.28,110.9,12.16,110.34,12.22,110.69,10179617,36139
2016-10-06,12.09,110.6,12.12,111.06,12.04,110.34,12.09,110.95,10992234,18322
2016-10-07,12.16,111.09,12.18,111.09,11.96,110.18,12.1,110.74,11808392,15689
2016-10-10,12.14,111.25,12.16,111.72,12.11,111.25,12.14,111.35,4021609,15485
2016-10-11,12.11,110.81,12.14,110.96,12.07,109.34,12.09,109.57,4416778,13590
2016-10-12,12.1,109.5,12.12,109.78,12.05,108.96,12.1,109.54,4007864,8548
2016-10-13,12.13,108.76,12.16,109.1,12.1,107.84,12.13,108.75,6150597,12180
2016-10-14,12.06,109.43,12.13,109.82,12.04,109.05,12.06,109.2,6135275,13347
2016-10-17,12.09,109.33,12.12,109.34,12.08,108.88,12.09,108.88,2811849,17653
2016-10-18,12.13,109.93,12.19,110.16,12.1,109.75,12.16,109.75,2859689,13324
2016-10-19,12.24,109.89,12.27,110.22,12.21,109.77,12.24,110.12,4380459,183323
2016-10-20,12.27,109.73,12.28,110.0,12.19,109.36,12.19,109.81,6131662,11997
2016-10-21,12.22,109.91,12.22,110.27,12.18,109.72,12.21,110.27,4275987,8817
2016-10-24,12.26,110.82,12.26,111.4,12.14,110.82,12.18,111.35,2647663,179751
2016-10-25,12.22,111.36,12.3,111.43,12.21,110.78,12.27,111.01,9286626,37615
2016-10-26,12.26,110.09,12.28,110.84,12.18,109.94,12.21,110.26,4444499,21553
2016-10-27,12.24,110.7,12.24,110.7,12.19,109.6,12.23,109.71,1917382,18466
2016-10-28,12.25,110.13,12.38,110.8,12.2,109.57,12.29,109.72,5489555,11377
2016-10-31,12.28,109.94,12.32,110.23,12.25,109.85,12.32,109.85,6225128,20610
2016-11-01,12.41,109.95,12.45,110.1,12.38,108.25,12.39,109.03,9234655,19836
2016-11-02,12.51,108.76,12.6,109.04,12.48,108.0,12.48,108.24,9996425,12801
2016-11-03,12.46,108.06,12.56,108.17,12.46,107.32,12.55,107.43,7271166,21272
2016-11-04,12.57,107.23,12.59,107.69,12.53,106.85,12.56,106.93,8946661,15969
2016-11-07,12.39,108.69,12.4,109.41,12.31,108.43,12.34,109.35,15796405,722213
2016-11-08,12.34,109.18,12.44,110.28,12.26,108.94,12.29,109.69,39151245,30615
2016-11-09,12.56,108.12,12.56,109.4,12.23,107.47,12.28,109.15,25971208,46496
2016-11-10,12.27,109.52,12.28,109.73,12.06,106.33,12.1,107.48,27145668,34149
2016-11-11,12.08,106.82,12.09,107.87,11.74,106.76,11.83,107.79,27605406,35266
2016-11-14,11.72,107.47,11.83,107.5,11.67,105.4,11.73,105.99,17360737,29517
2016-11-15,11.77,106.37,11.84,107.67,11.75,106.37,11.83,107.36,9865882,34706
2016-11-16,11.84,106.83,11.85,108.07,11.77,106.83,11.79,107.95,16295157,34482
2016-11-17,11.81,108.26,11.84,108.94,11.66,108.15,11.74,108.93,13169312,210313
2016-11-18,11.66,109.04,11.7,109.04,11.61,108.4,11.63,108.56,8861523,33794
2016-11-21,11.69,109.01,11.71,109.8,11.64,109.01,11.68,109.8,6984394,41006
2016-11-22,11.69,110.22,11.7,110.27,11.62,109.91,11.67,110.03,8525847,29120
2016-11-23,11.5,109.63,11.51,109.76,11.38,109.19,11.43,109.53,16043909,82247
2016-11-25,11.45,109.67,11.47,109.91,11.35,109.52,11.37,109.89,4656904,56286
2016-11-28,11.44,109.73,11.51,110.24,11.39,109.69,11.5,109.79,7709344,25847
2016-11-29,11.4,109.7,11.47,110.57,11.39,109.69,11.44,109.96,6263426,13225
2016-11-30,11.38,110.39,11.4,110.44,11.27,109.16,11.29,109.29,17109701,32570
2016-12-01,11.23,108.99,11.31,109.27,11.17,106.47,11.27,106.69,10728983,235307
2016-12-02,11.3,106.4,11.34,107.18,11.29,106.34,11.32,107.04,8046315,40956
2016-12-05,11.24,107.59,11.33,108.26,11.14,107.3,11.26,108.13,8114483,36552
2016-12-06,11.28,108.28,11.32,108.54,11.23,107.99,11.26,108.29,6962441,118329
2016-12-07,11.33,108.53,11.36,110.47,11.29,108.45,11.29,110.19,7688217,14239
2016-12-08,11.28,110.46,11.3,110.99,11.26,110.34,11.27,110.74,6493220,16742
2016-12-09,11.24,110.94,11.24,111.3,11.14,110.87,11.16,111.29,10982260,17875
2016-12-12,11.17,110.85,11.23,110.9,11.14,110.37,11.19,110.73,9183836,19151
2016-12-13,11.17,111.23,11.19,112.54,11.12,111.23,11.16,111.96,10762363,14430
2016-12-14,11.2,112.07,11.21,112.48,10.96,111.4,11.0,111.41,12823477,30110
2016-12-15,10.89,111.5,10.91,112.3,10.81,111.5,10.86,111.74,15655133,640569
2016-12-16,10.9,112.06,10.99,112.06,10.86,110.97,10.91,111.09,8239361,15264
2016-12-19,10.98,111.34,11.01,112.1,10.95,111.11,10.97,111.75,8203735,20461
2016-12-20,10.87,111.98,10.92,112.22,10.84,111.85,10.89,112.14,7794384,20589
2016-12-21,10.93,111.87,10.95,112.1,10.88,111.6,10.9,111.89,7809546,16315
2016-12-22,10.88,111.19,10.93,111.19,10.86,110.55,10.86,110.83,6990921,15696
2016-12-23,10.89,110.88,10.94,110.95,10.89,110.71,10.9,110.93,5716132,10249
2016-12-27,10.97,111.2,10.98,111.83,10.93,111.2,10.97,111.37,9760916,11037
2016-12-28,10.95,111.71,11.01,111.85,10.94,110.6,10.99,110.6,11287630,16626
2016-12-29,11.03,110.77,11.17,110.89,11.02,110.51,11.14,110.77,10770731,24924
2016-12-30,11.15,111.04,11.18,111.04,11.07,109.6,11.08,109.88,9950045,50631
2017-01-03,11.09,110.6,11.22,111.25,11.05,110.18,11.16,110.76,7937709,80558
2017-01-04,11.23,110.88,11.24,111.36,11.18,110.88,11.21,111.21,8860361,20009
2017-01-05,11.33,111.4,11.42,111.8,11.33,111.39,11.38,111.77,14333931,41994
2017-01-06,11.3,111.83,11.36,112.78,11.27,111.49,11.3,112.58,10424990,38068
2017-01-09,11.35,112.59,11.42,113.12,11.34,112.59,11.38,112.93,6615967,33283
2017-01-10,11.41,112.98,11.47,113.28,11.38,112.76,11.44,112.9,6144327,12106
2017-01-11,11.41,112.97,11.54,113.66,11.33,112.91,11.46,113.65,10125476,19769
2017-01-12,11.58,113.42,11.62,113.54,11.5,112.54,11.51,113.5,7555113,21430
2017-01-13,11.49,113.5,11.55,113.76,11.44,113.42,11.55,113.67,5288265,10627
2017-01-17,11.71,113.26,11.72,113.46,11.67,112.96,11.71,113.19,6359304,25896
2017-01-18,11.7,113.34,11.72,113.59,11.57,113.13,11.6,113.4,7732090,13058
2017-01-19,11.56,113.4,11.62,113.79,11.51,113.02,11.59,113.15,9849442,1474038
2017-01-20,11.59,113.52,11.7,113.98,11.55,113.44,11.62,113.74,5982044,17003
2017-01-23,11.68,113.67,11.74,114.16,11.64,113.45,11.7,114.02,6801599,24553
2017-01-24,11.69,114.18,11.73,115.27,11.62,114.18,11.65,115.12,6298510,21016
2017-01-25,11.54,116.16,11.57,116.7,11.49,116.02,11.56,116.6,6912066,286885
2017-01-26,11.45,116.8,11.47,116.89,11.4,116.24,11.44,116.51,9303593,25672
2017-01-27,11.41,116.51,11.48,116.88,11.4,116.41,11.46,116.58,8744621,26787
2017-01-30,11.48,116.06,11.55,116.06,11.47,115.25,11.52,115.85,8660388,28840
2017-01-31,11.65,115.49,11.71,115.5,11.64,114.88,11.67,115.31,11920097,23870
2017-02-01,11.59,116.22,11.67,116.36,11.54,115.58,11.64,116.05,9800007,30298
2017-02-02,11.75,116.03,11.78,116.45,11.68,115.78,11.7,116.27,7043752,12163
2017-02-03,11.7,116.78,11.76,117.15,11.69,116.78,11.74,117.05,6555145,24265
2017-02-06,11.83,116.65,11.9,117.11,11.8,116.65,11.9,117.11,5639706,11627
2017-02-07,11.86,117.18,11.9,117.54,11.84,117.02,11.87,117.37,5765219,27280
2017-02-08,11.94,117.34,11.99,117.64,11.9,117.17,11.94,117.57,6623471,10561
2017-02-09,11.95,117.54,11.98,118.04,11.84,117.49,11.86,117.8,7884906,38860
2017-02-10,11.8,117.97,11.91,118.18,11.79,117.83,11.89,117.94,7489365,10039
2017-02-13,11.8,118.33,11.82,118.86,11.74,118.33,11.81,118.68,5365418,21185
2017-02-14,11.88,118.51,11.88,118.97,11.76,118.29,11.82,118.97,8850069,15789
2017-02-15,11.75,118.92,11.88,119.58,11.75,118.9,11.87,119.58,7483706,18824
2017-02-16,11.92,119.73,11.96,120.0,11.91,119.57,11.93,119.92,13999799,19973
2017-02-17,11.95,119.51,11.97,119.95,11.89,119.51,11.89,119.95,5523224,14212
2017-02-21,11.83,120.23,11.93,120.8,11.8,120.12,11.9,120.7,5147996,39823
2017-02-22,11.92,120.51,11.93,120.87,11.85,120.35,11.91,120.76,7404628,123798
2017-02-23,12.0,121.08,12.05,121.18,11.99,120.39,12.03,120.73,5688125,12481
2017-02-24,12.1,119.96,12.12,120.67,12.05,119.93,12.09,120.67,4833489,27800
2017-02-27,12.1,120.66,12.17,120.68,12.04,120.3,12.04,120.56,6367492,6850
2017-02-28,12.11,120.55,12.12,120.56,12.01,119.96,12.04,120.17,6151837,12243
2017-03-01,11.93,120.91,12.04,122.03,11.92,120.71,12.04,121.91,7396838,118922
2017-03-02,11.91,121.81,11.96,121.94,11.85,121.0,11.89,121.08,28204041,50806
2017-03-03,11.83,121.15,11.9,121.32,11.77,120.78,11.88,121.29,7965528,15852
2017-03-06,11.86,120.91,11.87,121.37,11.79,120.78,11.8,121.17,5144996,28587
2017-03-07,11.73,121.2,11.75,121.74,11.68,121.2,11.71,121.42,6028823,32572
2017-03-08,11.63,121.49,11.66,121.74,11.62,121.31,11.63,121.33,8427233,15047
2017-03-09,11.6,121.28,11.62,121.43,11.56,120.77,11.57,121.24,4983171,13942
2017-03-10,11.57,121.99,11.6,122.22,11.53,121.68,11.59,122.03,5657059,11428
2017-03-13,11.59,122.21,11.62,122.45,11.57,122.2,11.59,122.27,4695421,42624
2017-03-14,11.57,122.18,11.62,122.26,11.52,121.75,11.54,122.07,4593580,9266
2017-03-15,11.56,122.41,11.75,123.38,11.53,122.06,11.74,123.0,8413996,24789
2017-03-16,11.86,123.68,11.86,123.83,11.79,123.35,11.81,123.65,5049313,124224
2017-03-17,11.83,123.79,11.86,123.99,11.82,123.62,11.82,123.71,5558617,258118
2017-03-20,11.86,123.93,11.89,124.25,11.85,123.8,11.88,123.98,3620513,23590
2017-03-21,11.9,124.51,12.01,124.74,11.9,122.39,11.98,122.42,8375542,27611
2017-03-22,12.02,122.43,12.05,123.45,12.0,122.42,12.02,123.36,5795112,39960
2017-03-23,12.05,123.02,12.06,123.33,11.96,122.69,11.99,122.83,5571714,23820
2017-03-24,11.99,123.19,12.05,123.79,11.97,122.82,12.01,123.13,5207326,13654
2017-03-27,12.13,122.28,12.14,123.65,12.05,122.22,12.08,123.45,6528379,166592
2017-03-28,12.11,123.35,12.11,124.51,12.0,123.33,12.04,124.27,5150201,17461
2017-03-29,12.05,124.06,12.08,124.53,12.03,123.98,12.07,124.34,4121615,54155
2017-03-30,12.0,124.3,12.04,124.68,11.96,124.3,11.97,124.5,4187669,33281
2017-03-31,11.99,124.1,12.04,124.55,11.97,124.04,12.01,124.25,5233055,18125
2017-04-03,12.0,124.41,12.07,124.61,11.99,123.57,12.07,124.24,4738115,28750
2017-04-04,12.09,123.76,12.11,124.25,12.07,123.56,12.09,124.22,4650722,14184
2017-04-05,11.99,124.6,12.1,125.05,11.97,123.74,12.1,123.94,7201904,15992
2017-04-06,12.05,123.98,12.07,123.98,12.03,123.54,12.05,123.75,6280696,23432
2017-04-07,12.16,123.52,12.2,123.78,12.04,123.18,12.08,123.61,7501612,17628
2017-04-10,12.04,123.59,12.1,123.74,12.02,123.26,12.08,123.33,9857611,14398
2017-04-11,12.16,123.12,12.27,123.12,12.16,121.87,12.24,122.83,7803358,17397
2017-04-12,12.27,122.81,12.36,122.97,12.24,122.28,12.34,122.47,13581260,53372
2017-04-13,12.39,122.41,12.4,123.19,12.33,122.3,12.4,122.34,4541407,23598
2017-04-17,12.39,122.37,12.44,123.22,12.33,122.37,12.35,123.22,5767192,13866
2017-04-18,12.38,122.63,12.44,123.1,12.31,122.62,12.41,122.92,8307456,49190
2017-04-19,12.36,123.1,12.36,123.35,12.26,122.63,12.31,122.63,7782175,39434
2017-04-20,12.31,123.23,12.35,124.21,12.28,123.23,12.33,124.07,5126305,13219
2017-04-21,12.35,124.14,12.4,124.29,12.31,123.85,12.37,124.1,8352730,16881
2017-04-24,12.21,125.61,12.29,125.82,12.2,125.35,12.29,125.76,5454472,66786
2017-04-25,12.19,126.49,12.22,126.97,12.14,126.33,12.16,126.78,7624509,36343
2017-04-26,12.16,126.63,12.23,126.86,12.12,126.3,12.22,126.31,7094617,14964
2017-04-27,12.18,126.9,12.19,127.24,12.13,126.79,12.18,127.11,7420745,17766
2017-04-28,12.16,127.75,12.21,127.83,12.16,127.37,12.21,127.72,7477191,20021
2017-05-01,12.16,128.26,12.21,129.04,12.07,128.06,12.09,128.8,8020570,21436
2017-05-02,12.06,129.28,12.1,129.45,12.05,128.99,12.1,129.33,5347623,83696
2017-05-03,12.05,129.01,12.06,129.22,11.92,128.76,11.92,129.15,28859724,23648
2017-05-04,11.8,129.16,11.86,129.35,11.79,129.0,11.81,129.26,7499180,13265
2017-05-05,11.81,129.4,11.84,129.88,11.79,129.23,11.82,129.88,4265861,13391
2017-05-08,11.83,130.0,11.85,130.44,11.79,129.85,11.8,130.21,4139587,19050
2017-05-09,11.75,130.7,11.75,131.14,11.68,130.6,11.73,130.85,9599366,22189
2017-05-10,11.77,130.73,11.78,131.48,11.71,130.52,11.74,131.03,5605514,12245
2017-05-11,11.75,130.65,11.81,131.03,11.74,130.24,11.77,130.99,5806127,18159
2017-05-12,11.83,131.18,11.85,131.48,11.8,131.07,11.81,131.41,3596295,115636
2017-05-15,11.88,131.76,11.89,132.28,11.83,131.76,11.85,132.28,4323273,28473
2017-05-16,11.88,132.53,11.93,132.89,11.87,132.12,11.89,132.89,4855073,19495
2017-05-17,12.07,131.99,12.14,132.1,12.06,129.62,12.12,129.67,8534265,37673
2017-05-18,12.11,129.38,12.12,130.59,11.98,129.38,12.02,130.19,6349296,72651
2017-05-19,12.07,130.96,12.09,131.44,12.02,130.9,12.08,131.05,7532037,25473
2017-05-22,12.09,131.35,12.15,132.31,12.09,131.35,12.12,132.31,6687733,18399
2017-05-23,12.15,132.54,12.15,132.73,12.03,132.0,12.05,132.29,5783354,21644
2017-05-24,12.05,132.81,12.1,132.97,12.02,132.48,12.1,132.93,4926663,20058
2017-05-25,12.09,133.39,12.11,134.14,12.06,133.32,12.09,133.83,3986735,16482
2017-05-26,12.18,133.98,12.22,134.03,12.17,133.72,12.19,134.01,4674197,392502
2017-05-30,12.16,133.59,12.17,134.19,12.13,133.59,12.14,134.06,5418379,31400
2017-05-31,12.17,134.4,12.26,134.6,12.16,133.49,12.2,133.75,6037806,24299
2017-06-01,12.16,134.1,12.21,134.21,12.14,133.41,12.21,134.18,5514289,137431
2017-06-02,12.26,134.91,12.31,135.67,12.25,134.63,12.29,135.65,7942209,45701
2017-06-05,12.32,135.66,12.33,136.02,12.29,135.66,12.31,135.69,5955829,23864
2017-06-06,12.45,135.59,12.47,136.1,12.41,135.34,12.45,135.49,21517191,18361
2017-06-07,12.41,135.78,12.45,136.05,12.34,135.26,12.39,135.85,8606730,23544
2017-06-08,12.34,136.17,12.35,136.37,12.23,135.56,12.3,136.37,9383485,37864
2017-06-09,12.18,136.57,12.23,136.78,12.17,131.54,12.2,133.24,8911139,65052
2017-06-12,12.16,131.71,12.2,131.92,12.16,129.83,12.17,131.74,12493134,50990
2017-06-13,12.13,132.78,12.21,133.28,12.12,132.09,12.19,133.03,7186409,33914
2017-06-14,12.29,133.67,12.32,133.84,12.09,131.67,12.12,132.49,11510932,33261
2017-06-15,12.06,131.07,12.09,131.88,12.04,130.37,12.07,131.73,4737196,21126
2017-06-16,12.06,131.87,12.09,132.05,12.05,131.38,12.07,131.74,4325156,37853
2017-06-19,12.0,133.05,12.02,134.0,11.96,132.9,11.98,133.95,4807717,20396
2017-06-20,11.97,133.47,11.98,133.64,11.94,132.5,11.95,132.5,5471115,31446
2017-06-21,11.95,132.82,12.0,133.28,11.95,132.65,11.98,133.24,9136600,48122
2017-06-22,12.05,133.7,12.05,133.87,11.99,133.13,12.03,133.53,6835538,11965
2017-06-23,12.1,133.42,12.11,134.54,12.06,133.3,12.08,134.31,6921776,15199
2017-06-26,11.96,135.15,11.99,135.5,11.95,133.8,11.96,133.92,7464464,24245
2017-06-27,12.02,133.5,12.04,133.56,11.98,132.11,12.02,132.11,9477658,23398
2017-06-28,12.04,132.21,12.04,133.4,12.0,131.37,12.03,133.26,6960091,20070
2017-06-29,11.94,132.73,12.0,132.73,11.92,130.0,11.96,131.08,8614099,115006
2017-06-30,11.94,131.43,11.98,131.71,11.93,130.83,11.94,130.93,5330658,44612
2017-07-03,11.78,131.12,11.82,131.49,11.73,129.78,11.73,129.85,8264404,31838
2017-07-05,11.72,129.9,11.8,131.05,11.72,129.75,11.79,130.85,6998890,41476
2017-07-06,11.79,129.9,11.8,130.29,11.75,129.32,11.77,129.67,7274137,17670
2017-07-07,11.71,129.95,11.71,131.5,11.61,129.95,11.65,131.18,10671400,45413
2017-07-10,11.63,131.29,11.69,132.52,11.61,131.17,11.67,132.29,6273305,21059
2017-07-11,11.65,132.28,11.71,133.06,11.62,132.2,11.69,132.92,6917667,12759
2017-07-12,11.75,133.83,11.77,134.91,11.72,133.83,11.73,134.78,4779242,14423
2017-07-13,11.74,134.8,11.74,135.48,11.7,134.8,11.71,135.21,6215495,21420
2017-07-14,11.83,135.47,11.86,136.51,11.8,135.47,11.81,136.37,5225839,12531
2017-07-17,11.87,136.23,11.89,136.61,11.85,135.93,11.86,136.16,4652531,41772
2017-07-18,11.93,136.17,11.97,136.95,11.92,135.89,11.95,136.95,6561283,20199
2017-07-19,11.95,137.36,11.97,138.01,11.92,137.36,11.93,137.94,4655482,18956
2017-07-20,11.93,138.25,12.0,138.34,11.9,137.56,11.95,138.23,6619606,24962
2017-07-21,12.03,137.53,12.08,138.03,12.01,137.45,12.06,137.89,10407792,15242
2017-07-24,12.09,137.9,12.1,138.44,12.05,137.75,12.08,138.36,5058827,10413
2017-07-25,12.03,137.91,12.07,138.15,12.01,137.56,12.03,138.02,19924065,22019
2017-07-26,11.99,138.31,12.15,138.4,11.98,137.83,12.12,138.21,13077479,12410
2017-07-27,12.15,139.15,12.15,139.32,12.07,136.14,12.11,137.59,7229888,17988
2017-07-28,12.16,136.63,12.22,137.31,12.15,136.52,12.21,137.06,4845002,14315
2017-07-31,12.19,137.62,12.22,137.73,12.18,136.5,12.22,136.85,6941702,26510
2017-08-01,12.17,137.2,12.25,137.39,12.17,137.02,12.21,137.33,6882548,13666
2017-08-02,12.18,138.72,12.24,138.79,12.17,137.18,12.17,138.08,4910135,28523
2017-08-03,12.17,137.82,12.22,137.96,12.17,137.33,12.2,137.48,6416768,37290
2017-08-04,12.14,137.8,12.15,138.04,12.06,137.39,12.11,137.6,7161818,300066
2017-08-07,12.09,138.0,12.12,138.57,12.08,137.87,12.1,138.57,5403764,12448
2017-08-08,12.14,138.62,12.15,139.51,12.03,138.4,12.12,138.5,10022918,18126
2017-08-09,12.24,137.56,12.3,138.27,12.22,137.39,12.26,138.27,24467762,20274
2017-08-10,12.35,137.35,12.38,137.35,12.34,135.21,12.36,135.21,19246831,17976
2017-08-11,12.37,135.17,12.42,136.41,12.34,135.1,12.41,135.99,12049668,25017
2017-08-14,12.34,137.3,12.37,138.39,12.31,137.3,12.32,138.27,10042697,18686
2017-08-15,12.2,138.4,12.26,138.72,12.19,138.13,12.23,138.44,6404604,17486
2017-08-16,12.21,138.95,12.35,139.64,12.2,138.74,12.33,139.12,5698911,18241
2017-08-17,12.36,138.76,12.4,138.89,12.32,136.69,12.39,136.7,18902891,21396
2017-08-18,12.48,136.77,12.5,137.68,12.35,136.42,12.37,136.7,16111901,14619
2017-08-21,12.4,136.64,12.44,136.87,12.39,135.84,12.41,136.61,6974020,20025
2017-08-22,12.4,137.31,12.4,138.61,12.32,137.31,12.36,138.57,9479692,22262
2017-08-23,12.4,137.99,12.41,138.64,12.37,137.73,12.4,138.41,5795636,21426
2017-08-24,12.38,138.66,12.41,138.78,12.35,137.85,12.36,138.37,8270428,1081525
2017-08-25,12.42,138.65,12.44,139.05,12.26,138.19,12.42,138.19,20144598,13901
2017-08-28,12.47,138.38,12.62,138.53,12.47,138.0,12.6,138.23,11183037,19324
2017-08-29,12.72,137.01,12.73,138.83,12.55,137.01,12.58,138.69,26966696,21185
2017-08-30,12.58,138.88,12.6,139.75,12.56,138.77,12.58,139.55,9197893,18419
2017-08-31,12.6,140.09,12.73,140.88,12.59,139.97,12.72,140.59,9861681,112955
2017-09-01,12.75,141.01,12.75,141.2,12.65,140.46,12.75,140.67,12173407,21140
2017-09-05,12.81,139.99,12.93,140.5,12.8,138.42,12.89,139.34,12028644,83088
2017-09-06,12.88,139.88,12.89,140.0,12.8,139.12,12.83,139.81,8648833,15998
2017-09-07,12.91,140.25,12.98,140.76,12.89,140.01,12.96,140.53,12922667,19109
2017-09-08,12.96,140.62,12.98,140.86,12.91,139.68,12.95,139.68,11677054,19157
2017-09-11,12.82,140.94,12.84,141.95,12.75,140.94,12.76,141.85,10874267,12443
2017-09-12,12.74,142.1,12.81,142.24,12.74,141.44,12.8,141.96,9128279,21581
2017-09-13,12.79,141.72,12.79,141.72,12.69,141.26,12.71,141.6,7656963,17160
2017-09-14,12.71,141.43,12.79,141.92,12.7,141.22,12.76,141.29,6690979,23100
2017-09-15,12.75,141.57,12.75,142.09,12.68,141.25,12.7,142.01,4868288,13419
2017-09-18,12.61,142.42,12.62,142.96,12.54,142.07,12.57,142.46,7563975,30253
2017-09-19,12.59,142.63,12.61,142.99,12.54,142.37,12.6,142.77,7166924,24714
2017-09-20,12.61,142.75,12.64,142.76,12.46,141.57,12.5,142.22,13594852,14859
2017-09-21,12.4,142.06,12.45,142.56,12.39,141.2,12.41,141.62,7243424,54183
2017-09-22,12.45,141.12,12.48,141.62,12.43,141.02,12.47,141.5,7291056,17842
2017-09-25,12.42,140.98,12.61,141.18,12.41,139.13,12.6,139.77,29368263,33306
2017-09-26,12.5,139.97,12.53,140.23,12.43,139.48,12.46,139.73,11067828,20340
2017-09-27,12.35,140.33,12.39,141.45,12.33,140.3,12.33,141.18,8721858,24155
2017-09-28,12.35,140.84,12.39,141.34,12.32,140.53,12.36,141.14,11299266,60538
2017-09-29,12.37,141.61,12.38,142.52,12.3,141.58,12.31,142.37,7831561,33950
2017-10-02,12.26,142.71,12.28,143.1,12.21,142.21,12.21,142.73,10040872,26076
2017-10-03,12.22,142.85,12.25,143.36,12.21,142.85,12.22,143.14,8962907,18617
2017-10-04,12.26,142.84,12.27,143.2,12.21,142.49,12.25,142.86,12039034,26154
2017-10-05,12.26,143.39,12.27,144.34,12.18,143.39,12.19,144.3,17760916,20559
2017-10-06,12.16,143.78,12.26,144.63,12.11,143.63,12.24,144.43,11613243,20780
2017-10-09,12.3,144.66,12.35,145.1,12.29,144.62,12.35,144.9,2678409,14903
2017-10-10,12.4,145.5,12.44,145.5,12.38,144.75,12.39,145.08,7155861,12552
2017-10-11,12.4,145.51,12.43,146.26,12.34,145.4,12.43,146.24,8214844,21588
2017-10-12,12.43,146.09,12.45,146.68,12.39,145.93,12.43,146.03,3640640,74657
2017-10-13,12.51,146.85,12.54,147.39,12.48,146.74,12.54,146.95,4634908,80394
2017-10-16,12.53,147.33,12.55,147.4,12.4,146.95,12.45,147.37,11748689,24945
2017-10-17,12.35,147.32,12.38,147.32,12.32,146.84,12.36,147.11,9453001,170162
2017-10-18,12.32,147.79,12.34,147.89,12.3,147.14,12.31,147.47,18808378,147261
2017-10-19,12.36,146.57,12.4,147.14,12.35,145.79,12.39,147.14,11796043,28919
2017-10-20,12.31,147.84,12.34,148.16,12.28,147.55,12.3,147.95,5942300,30864
2017-10-23,12.24,148.37,12.33,148.37,12.23,147.41,12.33,147.55,5186189,22761
2017-10-24,12.27,147.75,12.32,148.34,12.24,147.75,12.27,148.11,15028112,14950
2017-10-25,12.28,147.97,12.3,148.37,12.23,146.65,12.29,147.72,9418712,28295
2017-10-26,12.26,147.96,12.26,148.49,12.16,147.6,12.18,147.6,9073887,23546
2017-10-27,12.18,150.14,12.24,151.69,12.16,149.79,12.23,151.45,17791040,24550
2017-10-30,12.24,151.68,12.29,152.39,12.22,151.45,12.26,152.04,6329763,81775
2017-10-31,12.22,152.85,12.23,153.18,12.19,152.47,12.21,152.99,6803715,68643
2017-11-01,12.24,154.02,12.3,154.68,12.22,153.0,12.25,153.54,12474201,114110
2017-11-02,12.27,153.45,12.34,153.69,12.25,152.5,12.27,153.58,6733323,1294631
2017-11-03,12.28,154.34,12.29,154.84,12.16,153.33,12.21,154.47,6561918,45446
2017-11-06,12.21,154.8,12.33,155.32,12.21,154.61,12.31,155.29,6874264,24816
2017-11-07,12.29,155.55,12.3,155.99,12.22,154.92,12.26,155.44,7328244,25463
2017-11-08,12.34,155.44,12.37,156.23,12.3,155.19,12.31,156.22,7635883,22938
2017-11-09,12.33,154.89,12.39,154.96,12.32,153.09,12.35,154.71,14512742,60308
2017-11-10,12.34,154.5,12.36,154.7,12.23,153.94,12.26,154.47,7736403,16068
2017-11-13,12.29,154.03,12.3,154.77,12.27,153.81,12.28,154.68,4897343,20657
2017-11-14,12.24,154.21,12.34,154.54,12.22,153.78,12.31,154.34,7084890,16841
2017-11-15,12.36,153.52,12.38,153.73,12.27,152.75,12.28,153.18,8263001,51607
2017-11-16,12.29,154.73,12.32,155.98,12.27,154.21,12.29,155.67,4287046,31619
2017-11-17,12.36,155.64,12.47,155.64,12.34,154.74,12.43,154.86,7125775,20167
2017-11-20,12.38,155.21,12.39,155.74,12.25,155.21,12.28,155.38,10380250,16446
2017-11-21,12.31,156.42,12.35,157.59,12.29,156.42,12.3,157.51,9267887,33161
2017-11-22,12.37,157.53,12.44,157.53,12.36,156.8,12.42,157.19,16405125,27335
2017-11-24,12.39,157.42,12.41,158.01,12.36,157.42,12.38,157.98,3483559,28270
2017-11-27,12.47,157.21,12.48,157.48,12.41,156.9,12.44,157.05,8097936,97113
2017-11-28,12.45,157.55,12.46,157.9,12.4,157.0,12.43,157.61,10583914,45147
2017-11-29,12.37,156.96,12.38,157.26,12.32,152.62,12.35,153.51,7585580,72062
2017-11-30,12.29,153.76,12.31,154.49,12.2,153.11,12.25,154.16,8158003,61195
2017-12-01,12.24,153.13,12.39,153.6,12.21,151.48,12.3,153.17,10018523,58304
2017-12-04,12.26,154.03,12.27,154.03,12.23,150.42,12.27,150.6,6066587,39578
2017-12-05,12.19,150.18,12.2,152.04,12.11,149.58,12.17,150.5,9019268,43410
2017-12-06,12.15,149.62,12.19,151.41,12.13,149.24,12.15,151.04,7430082,35882
2017-12-07,12.04,151.54,12.06,152.46,11.95,151.35,11.99,152.26,8425749,100750
2017-12-08,12.01,153.44,12.03,153.99,11.97,152.95,11.99,153.21,8832053,16960
2017-12-11,11.98,153.28,12.0,154.45,11.92,153.28,11.94,154.42,6412944,22802
2017-12-12,11.92,153.97,11.96,154.35,11.88,153.83,11.96,153.83,7796709,19654
2017-12-13,11.95,154.28,12.08,154.6,11.94,153.99,12.06,154.11,10534430,24925
2017-12-14,12.06,154.16,12.07,154.6,12.01,153.76,12.04,153.92,14311299,21621
2017-12-15,12.09,154.18,12.1,155.34,12.04,153.52,12.06,155.13,8473635,30829
2017-12-18,12.1,156.27,12.15,156.75,12.1,156.15,12.11,156.51,6352287,25071
2017-12-19,12.12,156.22,12.13,156.37,12.09,155.47,12.12,155.67,6895235,172177
2017-12-20,12.13,156.45,12.18,156.45,12.12,155.06,12.15,155.77,14569126,61939
2017-12-21,12.15,155.06,12.19,155.62,12.14,154.45,12.18,154.63,10335933,34328
2017-12-22,12.21,154.61,12.26,154.75,12.2,154.04,12.25,154.71,8919506,32061
2017-12-26,12.31,153.51,12.33,154.4,12.29,152.96,12.32,153.54,3986449,58673
2017-12-27,12.34,153.51,12.38,153.95,12.33,153.51,12.38,153.82,6700594,35395
2017-12-28,12.43,154.42,12.45,154.52,12.4,154.01,12.44,154.22,7267622,36549
2017-12-29,12.51,154.41,12.56,154.41,12.5,153.45,12.51,153.66,11586266,43364
2018-01-02,12.62,154.53,12.67,155.81,12.59,154.03,12.67,155.81,10362941,41500
2018-01-03,12.66,156.26,12.66,157.63,12.56,155.94,12.64,157.47,15152529,44271
2018-01-04,12.64,158.04,12.74,158.83,12.62,158.0,12.71,158.5,12134733,29179
2018-01-05,12.64,159.19,12.7,160.2,12.63,158.89,12.69,160.2,13273058,44063
2018-01-08,12.69,160.01,12.69,160.77,12.64,159.97,12.69,160.61,12937366,35329
2018-01-09,12.61,160.74,12.64,160.74,12.57,159.74,12.63,160.01,10208666,34537
2018-01-10,12.67,159.05,12.69,159.29,12.63,158.43,12.66,159.12,11626131,41644
2018-01-11,12.68,159.41,12.72,159.84,12.68,159.04,12.69,159.71,8590832,31756
2018-01-12,12.76,159.57,12.87,161.03,12.73,159.41,12.86,160.77,13305369,34089
2018-01-16,12.82,162.18,12.87,162.85,12.79,160.5,12.86,160.59,7295912,89444
2018-01-17,12.84,161.57,12.88,163.41,12.74,161.14,12.77,163.25,22220913,112879
2018-01-18,12.79,163.23,12.8,163.92,12.73,162.83,12.75,163.51,18560272,38133
2018-01-19,12.8,164.05,12.83,164.37,12.78,163.35,12.78,163.94,6918887,47532
2018-01-22,12.81,163.78,12.83,165.41,12.78,163.62,12.81,165.11,6715892,50938
2018-01-23,12.81,165.81,12.89,166.66,12.78,165.81,12.88,166.52,11162374,42815
2018-01-24,13.0,166.58,13.08,166.62,12.98,164.31,13.05,165.06,15587618,409853
2018-01-25,13.03,165.74,13.11,166.11,12.89,164.24,12.94,164.39,19944821,49154
2018-01-26,12.98,165.65,13.01,166.92,12.95,165.21,12.97,166.87,14350759,32743
2018-01-29,12.92,166.53,12.92,166.53,12.84,165.38,12.88,165.5,7974285,48665
2018-01-30,12.94,163.99,12.95,164.35,12.83,163.1,12.83,163.64,9532195,34020
2018-01-31,12.9,164.83,12.94,164.98,12.79,163.68,12.92,164.59,20867161,204469
2018-02-01,12.88,164.07,12.97,165.67,12.86,164.07,12.97,164.41,13351991,33333
2018-02-02,12.84,162.42,12.84,162.78,12.75,159.45,12.8,159.45,15380829,82734
2018-02-05,12.84,157.99,12.89,160.5,12.8,153.18,12.85,153.23,18014035,101107
2018-02-06,12.81,151.29,12.82,157.53,12.67,150.48,12.69,157.35,19535110,118405
2018-02-07,12.69,156.58,12.73,157.86,12.59,154.97,12.62,155.08,11388299,65810
2018-02-08,12.65,155.43,12.7,155.68,12.6,148.76,12.65,148.86,12123785,157315
2018-02-09,12.62,151.22,12.67,152.97,12.59,146.24,12.63,152.15,11513963,66692
2018-02-12,12.66,153.75,12.74,155.85,12.66,153.24,12.68,155.04,11623208,36011
2018-02-13,12.74,154.36,12.77,155.96,12.7,154.23,12.76,155.84,8174108,26434
2018-02-14,12.8,154.99,13.02,159.32,12.78,154.46,12.98,159.24,19514752,69354
2018-02-15,13.01,160.88,13.02,162.25,12.95,159.01,12.99,162.25,13914627,48715
2018-02-16,12.98,161.64,13.03,163.55,12.92,161.32,12.95,161.93,13618840,47942
2018-02-20,12.88,160.61,12.9,162.65,12.75,160.61,12.77,161.55,13522036,70886
2018-02-21,12.8,162.28,12.83,163.56,12.7,160.54,12.71,160.84,13896587,30720
2018-02-22,12.74,161.32,12.79,162.23,12.74,160.49,12.79,160.67,8167498,155415
2018-02-23,12.77,162.01,12.78,164.06,12.74,161.91,12.77,164.06,6718040,30803
2018-02-26,12.79,164.48,12.82,166.36,12.77,164.13,12.79,166.36,9227570,39358
2018-02-27,12.77,166.13,12.77,166.8,12.61,164.21,12.65,164.21,16908931,87319
2018-02-28,12.66,164.95,12.69,165.73,12.64,163.17,12.66,163.25,8407375,201473
2018-03-01,12.57,163.38,12.69,163.7,12.5,159.28,12.62,160.26,12247423,46267
2018-03-02,12.72,158.77,12.72,162.1,12.65,158.02,12.68,161.78,15532490,100600
2018-03-05,12.69,160.98,12.7,163.75,12.65,160.38,12.66,163.35,9409146,74484
2018-03-06,12.76,164.67,12.85,165.25,12.76,163.67,12.8,164.11,12932614,28960
2018-03-07,12.78,163.08,12.78,165.37,12.69,163.08,12.71,165.19,14391308,35350
2018-03-08,12.73,165.83,12.73,166.09,12.66,165.07,12.69,165.85,13358396,20958
2018-03-09,12.65,167.13,12.72,169.24,12.63,167.07,12.7,169.24,10080887,41110
2018-03-12,12.66,169.74,12.71,170.32,12.63,169.22,12.7,169.83,6690747,66640
2018-03-13,12.71,170.76,12.75,171.45,12.66,167.69,12.73,167.95,9539972,47031
2018-03-14,12.71,169.09,12.73,169.21,12.69,167.53,12.72,168.39,19634923,102580
2018-03-15,12.67,168.63,12.68,169.46,12.62,167.96,12.64,168.61,13437233,24890
2018-03-16,12.64,168.57,12.64,168.86,12.57,167.97,12.61,168.09,18975976,16914
2018-03-19,12.61,166.59,12.67,166.59,12.59,163.42,12.64,164.69,10011560,42958
2018-03-20,12.6,164.6,12.61,165.5,12.55,164.3,12.58,165.0,10869403,25929
2018-03-21,12.69,164.7,12.83,165.95,12.65,164.0,12.8,164.39,18996863,25649
2018-03-22,12.77,161.86,12.79,162.56,12.72,159.41,12.75,159.41,13185357,45150
2018-03-23,12.95,159.41,12.97,160.18,12.9,155.38,12.93,155.52,16053701,60692
2018-03-26,12.97,158.78,13.02,161.56,12.96,156.85,12.99,161.43,11829946,59276
2018-03-27,12.89,162.09,12.92,162.09,12.86,155.33,12.91,156.25,10316925,116862
2018-03-28,12.81,155.88,12.82,157.16,12.7,154.13,12.73,155.12,15210817,50805
2018-03-29,12.69,156.32,12.74,159.6,12.68,155.23,12.73,158.33,9481521,54312
2018-04-02,12.81,157.24,12.91,157.28,12.8,152.87,12.89,154.32,15047512,54358
2018-04-03,12.81,155.58,12.82,156.06,12.76,153.89,12.79,155.95,13384736,39331
2018-04-04,12.91,152.31,12.91,157.29,12.79,152.15,12.81,157.29,16250745,80074
2018-04-05,12.71,158.66,12.77,159.13,12.7,157.28,12.74,158.46,19831485,1946075
2018-04-06,12.81,156.5,12.82,157.46,12.77,153.71,12.81,154.19,12635895,91746
2018-04-09,12.81,155.76,12.85,158.43,12.78,155.54,12.84,155.72,14031711,32626
2018-04-10,12.86,158.06,12.89,159.31,12.83,157.46,12.88,159.02,12207655,39675
2018-04-11,12.98,158.29,13.11,159.61,12.94,157.96,12.97,158.48,19169154,34428
2018-04-12,12.9,159.04,12.9,160.6,12.8,158.7,12.82,160.19,13735514,119930
2018-04-13,12.86,160.88,12.93,161.34,12.86,158.86,12.91,159.39,12324811,24936
2018-04-16,12.94,160.16,12.97,160.94,12.91,159.4,12.93,160.51,9548581,42077
2018-04-17,12.87,161.46,12.94,163.53,12.86,161.37,12.94,163.2,10209055,39112
2018-04-18,13.0,162.79,13.02,163.39,12.94,162.0,12.94,163.01,12556632,42459
2018-04-19,12.94,162.02,12.95,162.1,12.87,160.72,12.93,161.12,14181318,75205
2018-04-20,12.83,160.51,12.86,160.51,12.81,158.44,12.82,159.03,12343037,109453
2018-04-23,12.72,159.51,12.74,159.76,12.69,157.75,12.72,158.15,9902984,34488
2018-04-24,12.74,158.73,12.79,159.01,12.72,154.5,12.79,155.39,11854321,48644
2018-04-25,12.68,155.7,12.71,155.7,12.66,153.74,12.69,155.2,9361558,33353
2018-04-26,12.72,157.52,12.72,159.04,12.62,156.97,12.65,158.7,13749334,34389
2018-04-27,12.68,160.1,12.72,160.1,12.67,157.74,12.71,158.51,9018135,39254
2018-04-30,12.6,158.62,12.68,159.63,12.57,157.47,12.62,157.51,13789370,89622
2018-05-01,12.55,157.2,12.56,159.11,12.5,156.59,12.53,159.1,14791684,95405
2018-05-02,12.54,160.03,12.61,160.59,12.51,158.73,12.53,159.12,15501640,55816
2018-05-03,12.63,158.47,12.64,159.85,12.58,157.22,12.59,159.39,10794862,24186
2018-05-04,12.57,158.91,12.62,162.49,12.56,158.38,12.62,162.12,10508343,37067
2018-05-07,12.61,162.43,12.63,163.63,12.58,162.4,12.62,163.14,9227334,24498
2018-05-08,12.58,163.1,12.65,163.91,12.53,162.59,12.62,163.65,16807708,30396
2018-05-09,12.61,164.07,12.65,165.65,12.58,163.66,12.6,165.55,14238277,41288
2018-05-10,12.67,166.44,12.7,167.95,12.63,166.24,12.67,167.63,12422965,38257
2018-05-11,12.72,167.57,12.72,168.0,12.65,166.93,12.65,167.64,9546413,102177
2018-05-14,12.67,167.96,12.68,168.66,12.6,167.33,12.61,167.35,13856600,234513
2018-05-15,12.44,165.98,12.44,166.38,12.36,164.71,12.4,165.32,13761683,41120
2018-05-16,12.4,165.87,12.42,166.95,12.35,165.87,12.39,166.66,10503337,24154
2018-05-17,12.38,165.84,12.4,166.8,12.35,165.02,12.38,165.88,10460664,28618
2018-05-18,12.36,165.09,12.42,165.65,12.35,164.87,12.4,164.95,9634923,18531
2018-05-21,12.38,166.34,12.41,167.11,12.35,165.73,12.41,166.35,5716568,28673
2018-05-22,12.43,166.81,12.43,167.43,12.39,165.99,12.4,166.08,7335520,57057
2018-05-23,12.36,165.08,12.43,167.31,12.36,164.78,12.41,167.24,12169183,18038
2018-05-24,12.46,167.13,12.54,167.2,12.46,165.25,12.51,166.92,13327285,25372
2018-05-25,12.51,166.92,12.53,167.56,12.47,166.86,12.48,167.23,7926566,20033
2018-05-29,12.43,165.92,12.52,166.52,12.42,164.6,12.48,165.37,35755608,93701
2018-05-30,12.48,165.99,12.52,166.9,12.47,165.56,12.49,166.8,13494310,37936
2018-05-31,12.48,166.7,12.53,167.85,12.46,166.15,12.46,166.92,31528226,85648
2018-06-01,12.41,167.92,12.47,169.91,12.39,167.92,12.41,169.91,19540816,59697
2018-06-04,12.45,170.31,12.45,171.29,12.39,170.16,12.39,171.17,31270029,75036
2018-06-05,12.42,171.48,12.48,172.07,12.38,171.21,12.44,171.9,11826842,32231
2018-06-06,12.47,172.09,12.49,172.86,12.42,171.38,12.44,172.86,22369437,21359
2018-06-07,12.44,172.98,12.47,173.28,12.43,170.41,12.44,171.2,11128276,54148
2018-06-08,12.47,170.16,12.47,171.12,12.44,169.76,12.46,170.88,8261382,51914
2018-06-11,12.46,170.98,12.5,171.68,12.45,170.72,12.47,171.27,7045934,66836
2018-06-12,12.44,171.38,12.48,171.79,12.42,171.0,12.43,171.61,11907765,33462
2018-06-13,12.44,171.96,12.49,172.81,12.4,171.24,12.47,171.41,16518118,43150
2018-06-14,12.51,171.79,12.55,172.53,12.49,171.42,12.5,172.09,11644096,38053
2018-06-15,12.38,171.44,12.38,171.44,12.23,170.36,12.29,171.03,17652995,28141
2018-06-18,12.29,169.59,12.3,171.15,12.25,169.17,12.26,170.95,9059356,36069
2018-06-19,12.23,168.12,12.26,169.07,12.21,167.02,12.23,168.96,9847689,33978
2018-06-20,12.23,169.67,12.24,170.45,12.17,169.5,12.18,169.75,8815788,27793
2018-06-21,12.15,170.14,12.19,170.15,12.13,167.83,12.15,168.27,12426821,37566
2018-06-22,12.18,168.82,12.19,168.92,12.16,167.23,12.18,167.73,7518261,51535
2018-06-25,12.15,166.27,12.18,166.41,12.13,162.97,12.14,164.0,7582322,32989
2018-06-26,12.09,164.74,12.11,165.7,12.06,164.36,12.07,164.81,10865302,37618
2018-06-27,12.04,165.31,12.06,165.75,12.0,162.53,12.0,162.53,20240580,45561
2018-06-28,12.02,162.09,12.02,164.39,11.95,162.07,11.97,164.02,13678078,32558
2018-06-29,12.0,165.0,12.05,165.73,11.97,164.45,12.02,164.5,9863033,56202
2018-07-02,11.98,162.89,11.98,165.23,11.89,162.89,11.9,165.18,18689265,59667
2018-07-03,11.98,165.65,12.06,165.65,11.98,163.29,12.01,163.35,10912084,76439
2018-07-05,12.04,164.21,12.09,165.42,12.03,163.81,12.05,165.4,8915670,186523
2018-07-06,12.06,165.31,12.06,167.44,12.02,165.31,12.03,167.25,21285500,29413
2018-07-09,12.12,168.41,12.13,168.94,12.06,167.55,12.06,168.94,11476354,225680
2018-07-10,12.04,169.05,12.05,169.77,12.01,168.79,12.04,169.29,11686513,3331397
2018-07-11,12.0,167.64,12.01,169.22,11.9,167.64,11.9,167.71,11684053,392132
2018-07-12,11.95,168.6,11.98,170.62,11.94,168.6,11.95,170.58,14392807,232563
2018-07-13,11.91,170.68,11.93,170.99,11.89,170.06,11.9,170.69,12094319,177180
2018-07-16,11.9,170.76,11.92,171.0,11.87,169.97,11.91,170.12,8067737,229711
2018-07-17,11.82,169.2,11.84,171.73,11.76,168.9,11.77,171.5,10896950,117556
2018-07-18,11.75,171.48,11.79,172.03,11.73,170.96,11.77,171.61,15713506,96900
2018-07-19,11.65,171.0,11.79,171.39,11.65,170.71,11.73,171.06,14268114,73705
2018-07-20,11.78,171.69,11.82,172.24,11.77,171.17,11.81,171.25,10151982,106230
2018-07-23,11.77,171.0,11.78,171.79,11.72,169.97,11.75,171.74,11476230,159586
2018-07-24,11.76,173.38,11.79,173.98,11.74,171.92,11.75,172.5,9018553,84288
2018-07-25,11.82,172.51,11.83,174.94,11.77,172.51,11.82,174.94,9484682,226422
2018-07-26,11.77,172.27,11.8,172.76,11.72,171.45,11.73,172.31,8783846,802367
2018-07-27,11.73,172.73,11.77,172.73,11.72,168.51,11.73,169.38,9428563,112567
2018-07-30,11.72,169.57,11.75,169.57,11.71,166.01,11.72,166.65,6679671,57264
2018-07-31,11.69,167.11,11.79,168.12,11.68,166.18,11.74,167.17,12341460,108737
2018-08-01,11.7,168.26,11.72,169.44,11.66,167.77,11.66,168.52,8918212,82021
2018-08-02,11.66,166.86,11.67,170.21,11.59,166.39,11.59,170.18,8380613,48254
2018-08-03,11.66,170.24,11.7,170.78,11.63,169.56,11.64,170.78,9184964,70528
2018-08-06,11.6,170.42,11.62,171.44,11.58,170.07,11.58,171.44,11655744,92606
2018-08-07,11.63,172.3,11.64,172.47,11.59,171.68,11.6,172.2,7362925,48836
2018-08-08,11.63,172.0,11.65,173.28,11.59,172.0,11.63,173.28,10983310,182890
2018-08-09,11.65,172.98,11.66,173.5,11.62,172.48,11.62,172.77,4886833,68190
2018-08-10,11.63,170.93,11.67,171.44,11.61,170.26,11.61,170.76,13234596,57177
2018-08-13,11.53,170.67,11.53,171.94,11.42,170.24,11.45,170.32,12086127,47748
2018-08-14,11.47,170.83,11.5,171.24,11.43,169.77,11.46,171.15,10781537,39560
2018-08-15,11.36,169.34,11.37,169.92,11.25,167.69,11.27,168.63,16354971,84510
2018-08-16,11.28,170.1,11.33,170.47,11.25,169.2,11.26,169.58,10156905,42724
2018-08-17,11.31,169.23,11.36,170.53,11.28,168.51,11.35,170.08,13261687,100658
2018-08-20,11.38,170.54,11.42,170.54,11.36,169.42,11.41,169.94,11600294,42693
2018-08-21,11.43,170.75,11.46,171.53,11.39,170.54,11.45,170.67,8994666,40463
2018-08-22,11.49,170.55,11.5,171.89,11.45,170.34,11.47,171.73,8294699,67659
2018-08-23,11.41,171.35,11.44,172.62,11.35,171.35,11.37,171.69,11841199,73525
2018-08-24,11.48,172.35,11.59,173.68,11.47,171.96,11.56,173.65,11845221,33825
2018-08-27,11.57,174.64,11.63,175.56,11.56,174.12,11.6,175.54,14830901,40058
2018-08-28,11.63,175.88,11.64,176.2,11.5,175.38,11.52,175.83,15503912,54992
2018-08-29,11.56,175.83,11.57,177.46,11.53,175.78,11.57,177.45,10723551,39620
2018-08-30,11.54,176.77,11.55,177.61,11.47,175.91,11.51,176.19,13488252,541013
2018-08-31,11.53,176.02,11.56,176.82,11.49,175.66,11.5,176.42,11660426,44116
2018-09-04,11.43,175.4,11.46,175.63,11.4,174.23,11.45,175.58,26124450,97492
2018-09-05,11.48,174.77,11.49,175.0,11.46,171.97,11.48,172.49,22358608,87878
2018-09-06,11.54,172.34,11.57,172.34,11.47,170.14,11.51,171.16,14597693,69469
2018-09-07,11.48,169.96,11.51,171.79,11.45,169.75,11.46,170.44,10301762,42094
2018-09-10,11.48,171.08,11.49,171.12,11.45,170.23,11.46,170.99,10264732,42177
2018-09-11,11.41,170.15,11.49,172.37,11.39,170.01,11.48,172.04,7258944,40386
2018-09-12,11.46,171.37,11.59,171.56,11.45,169.73,11.56,171.01,14071511,51525
2018-09-13,11.62,172.14,11.63,173.76,11.51,172.14,11.52,173.14,12152796,101897
2018-09-14,11.52,173.54,11.54,174.15,11.44,172.77,11.46,173.4,14110128,49423
2018-09-17,11.5,173.02,11.56,173.43,11.5,171.05,11.5,171.06,8580017,83457
2018-09-18,11.52,171.26,11.54,173.17,11.47,171.01,11.49,172.6,14708833,48879
2018-09-19,11.53,172.42,11.57,173.15,11.52,171.55,11.53,172.62,10057160,44000
2018-09-20,11.57,173.57,11.59,174.84,11.53,173.31,11.57,174.64,10944136,147530
2018-09-21,11.44,174.86,11.51,175.36,11.43,173.99,11.49,174.05,15990355,101358
2018-09-24,11.52,173.44,11.55,174.86,11.49,173.09,11.49,174.84,7678409,128933
2018-09-25,11.52,174.85,11.54,175.36,11.5,174.48,11.52,174.72,5403414,32890
2018-09-26,11.46,174.91,11.51,176.06,11.41,174.28,11.45,174.48,13029718,173303
2018-09-27,11.36,174.92,11.39,175.69,11.33,174.62,11.36,175.23,12828922,21495
2018-09-28,11.37,174.51,11.45,175.45,11.35,174.0,11.43,175.12,7519768,28415
2018-10-01,11.39,176.29,11.41,176.89,11.36,175.86,11.4,176.34,10132137,34782
2018-10-02,11.52,175.65,11.59,176.77,11.51,175.28,11.53,175.78,10802753,1111445
2018-10-03,11.54,176.47,11.56,177.0,11.47,176.02,11.5,176.24,18799064,136390
2018-10-04,11.54,175.29,11.57,175.29,11.48,171.99,11.49,172.88,12171307,114286
2018-10-05,11.53,172.81,11.56,173.26,11.5,169.29,11.53,170.64,18957458,109823
2018-10-08,11.38,169.79,11.4,170.5,11.34,167.28,11.39,168.83,15739387,65472
2018-10-09,11.38,168.42,11.42,170.05,11.34,168.42,11.42,169.46,16617216,120455
2018-10-10,11.39,168.14,11.45,168.14,11.37,161.38,11.44,161.54,15864196,213785
2018-10-11,11.58,160.85,11.76,163.31,11.56,158.0,11.72,159.11,25867774,172571
2018-10-12,11.71,163.68,11.73,164.53,11.66,161.04,11.68,164.32,13700840,209980
2018-10-15,11.77,163.39,11.81,163.58,11.74,161.46,11.75,161.61,22069332,207568
2018-10-16,11.81,163.91,11.82,166.7,11.74,163.61,11.75,166.6,15784607,82782
2018-10-17,11.74,166.79,11.79,166.79,11.72,164.52,11.72,165.93,13917895,68810
2018-10-18,11.73,164.85,11.8,164.85,11.71,161.46,11.75,162.16,12252403,193843
2018-10-19,11.78,163.33,11.78,164.77,11.75,162.0,11.75,162.57,10145824,83480
2018-10-22,11.71,163.15,11.73,164.32,11.7,162.32,11.72,163.64,8186533,80008
2018-10-23,11.87,159.7,11.88,163.24,11.79,158.2,11.79,162.25,17618000,77842
2018-10-24,11.8,161.48,11.82,161.52,11.76,154.86,11.81,154.97,16418305,101381
2018-10-25,11.82,156.99,11.83,160.88,11.77,156.64,11.8,160.12,14823460,982757
2018-10-26,11.84,156.35,11.92,159.4,11.81,154.81,11.82,156.39,22254449,195030
2018-10-29,11.79,159.14,11.81,159.95,11.74,151.78,11.78,154.37,16422789,110667
2018-10-30,11.73,154.78,11.76,157.09,11.71,154.18,11.73,156.93,12106681,127218
2018-10-31,11.65,159.14,11.67,161.42,11.61,158.85,11.67,160.38,11382622,129934
2018-11-01,11.78,160.92,11.86,162.54,11.77,159.75,11.82,162.39,21676384,89589
2018-11-02,11.81,162.01,11.85,162.93,11.79,158.94,11.82,160.27,16343249,205596
2018-11-05,11.79,159.87,11.82,160.16,11.78,157.88,11.8,159.73,10511668,95224
2018-11-06,11.8,159.76,11.81,161.24,11.73,159.58,11.75,160.69,12635511,84613
2018-11-07,11.78,162.45,11.79,165.08,11.74,162.37,11.75,165.08,9540834,61300
2018-11-08,11.73,164.24,11.76,164.8,11.7,163.62,11.72,164.24,10528857,70821
2018-11-09,11.6,162.88,11.63,163.14,11.56,160.57,11.6,161.68,16883407,75796
2018-11-12,11.55,160.27,11.56,160.84,11.51,156.32,11.51,156.36,12728412,71229
2018-11-13,11.53,156.68,11.55,159.17,11.49,156.31,11.51,156.61,13732937,80027
2018-11-14,11.51,158.04,11.66,158.5,11.49,154.35,11.61,154.55,14508839,1107329
2018-11-15,11.63,155.05,11.65,158.89,11.61,154.31,11.62,158.71,12171295,55686
2018-11-16,11.73,156.26,11.74,158.67,11.69,156.16,11.7,158.07,9450403,55200
2018-11-19,11.71,157.13,11.75,157.13,11.69,152.18,11.73,152.42,9663993,110156
2018-11-20,11.75,148.29,11.75,150.99,11.69,147.67,11.72,149.01,14954767,122393
2018-11-21,11.74,151.14,11.79,151.67,11.74,150.09,11.75,150.68,8665141,54897
2018-11-23,11.73,149.16,11.75,150.53,11.71,149.16,11.72,149.19,5498608,67200
2018-11-26,11.73,151.29,11.74,152.66,11.71,150.75,11.72,152.66,8704849,98707
2018-11-27,11.7,151.51,11.72,152.95,11.61,151.03,11.64,152.73,10267978,104795
2018-11-28,11.63,154.16,11.76,157.87,11.61,153.73,11.7,157.87,15414571,129267
2018-11-29,11.74,157.26,11.78,157.54,11.71,155.65,11.73,156.51,11939735,53803
2018-11-30,11.7,156.17,11.72,157.3,11.66,155.44,11.71,157.15,10876580,84340
2018-12-03,11.81,160.91,11.84,161.27,11.78,159.35,11.79,161.05,17400117,134180
2018-12-04,11.89,159.54,11.9,159.83,11.85,154.72,11.87,154.72,13429653,150132
2018-12-06,11.9,151.27,11.93,154.55,11.84,150.08,11.86,154.3,13165361,205362
2018-12-07,11.91,153.87,11.98,154.77,11.91,149.21,11.96,149.56,10763732,240518
2018-12-10,11.93,148.99,11.95,151.81,11.9,148.13,11.92,151.58,13295415,92290
2018-12-11,11.92,153.61,11.95,153.79,11.89,150.54,11.91,151.66,10226842,57359
2018-12-12,11.93,154.07,11.96,155.21,11.92,153.13,11.94,153.28,9837153,112482
2018-12-13,11.9,153.74,11.92,154.47,11.88,152.46,11.92,153.09,11606118,85470
2018-12-14,11.83,151.12,11.89,151.76,11.82,149.25,11.87,149.33,12979137,94075
2018-12-17,11.89,148.92,11.96,149.96,11.88,145.56,11.94,145.56,12928149,126071
2018-12-18,11.95,146.97,11.98,147.99,11.94,145.99,11.96,147.13,12522225,246411
2018-12-19,11.99,146.83,12.06,149.34,11.9,142.57,11.91,144.08,15358717,206111
2018-12-20,12.09,143.82,12.14,145.01,12.03,140.15,12.09,141.56,30840909,242514
2018-12-21,12.09,141.82,12.09,143.12,12.01,137.51,12.03,137.91,18866203,124289
2018-12-24,12.12,136.82,12.18,138.23,12.11,134.75,12.15,134.75,13251370,81813
2018-12-26,12.22,135.9,12.26,142.33,12.12,135.0,12.14,142.25,18620860,153873
2018-12-27,12.23,139.79,12.26,142.84,12.17,137.99,12.21,142.84,17177201,140250
2018-12-28,12.25,144.04,12.28,144.98,12.23,142.01,12.27,143.29,12030378,127058
2018-12-31,12.27,144.28,12.29,145.02,12.25,143.16,12.29,144.03,12104925,142074
2019-01-02,12.3,141.8,12.34,144.83,12.25,141.56,12.3,144.35,25552870,86108
2019-01-03,12.35,140.48,12.41,140.74,12.34,137.15,12.41,137.15,28911495,76377
2019-01-04,12.3,139.24,12.33,143.23,12.23,139.07,12.32,142.75,29688528,80582
2019-01-07,12.39,143.05,12.39,145.17,12.32,142.75,12.35,143.96,15118246,95765
2019-01-08,12.28,145.39,12.33,145.9,12.27,143.71,12.32,145.24,15148829,58311
2019-01-09,12.31,146.34,12.4,148.02,12.3,146.08,12.39,147.51,9905994,88859
2019-01-10,12.36,146.31,12.38,148.11,12.32,145.8,12.32,148.11,10819484,66455
2019-01-11,12.35,147.4,12.37,147.91,12.33,147.02,12.34,147.64,9073846,66091
2019-01-14,12.39,146.38,12.39,146.74,12.35,145.78,12.37,146.25,7383410,61327
2019-01-15,12.39,147.05,12.41,148.93,12.32,147.05,12.35,148.76,13894097,231389
2019-01-16,12.37,148.98,12.41,149.68,12.36,148.74,12.39,148.9,9800451,92137
2019-01-17,12.37,148.36,12.39,150.6,12.35,148.02,12.38,149.91,9412849,105802
2019-01-18,12.29,151.47,12.32,152.43,12.27,150.59,12.27,152.26,13800279,168298
2019-01-22,12.28,151.04,12.32,151.04,12.25,148.5,12.3,148.98,12872377,147233
2019-01-23,12.26,150.27,12.32,151.23,12.25,148.79,12.29,150.22,20009995,60754
2019-01-24,12.27,151.08,12.3,152.2,12.25,151.08,12.26,151.95,25557827,75331
2019-01-25,12.36,153.42,12.46,154.82,12.36,153.09,12.45,154.56,14737410,135539
2019-01-28,12.45,152.35,12.5,152.58,12.44,151.5,12.48,152.4,11072007,107272
2019-01-29,12.54,152.63,12.57,152.77,12.51,150.83,12.57,150.98,23635884,89451
2019-01-30,12.56,153.41,12.68,155.7,12.54,152.55,12.63,155.11,13306699,133954
2019-01-31,12.69,154.56,12.69,155.93,12.63,154.01,12.64,155.13,15789985,74922
2019-02-01,12.65,155.2,12.68,156.48,12.6,155.14,12.62,155.85,32256045,116319
2019-02-04,12.57,156.06,12.6,158.12,12.55,155.85,12.56,158.09,13831724,98801
2019-02-05,12.6,158.57,12.61,159.74,12.57,158.33,12.59,159.59,11396472,103752
2019-02-06,12.59,159.67,12.59,160.32,12.51,159.14,12.51,159.87,11755027,93249
2019-02-07,12.55,158.3,12.57,158.96,12.51,156.69,12.55,157.4,10146600,54807
2019-02-08,12.58,155.85,12.61,157.72,12.57,155.47,12.59,157.72,8995106,43952
2019-02-11,12.49,158.24,12.55,158.95,12.49,157.67,12.53,158.0,26169166,156661
2019-02-12,12.57,159.28,12.58,160.49,12.53,158.97,12.56,160.33,7467003,317853
2019-02-13,12.56,160.83,12.63,161.23,12.5,160.41,12.51,160.5,11335740,60513
2019-02-14,12.56,160.23,12.59,161.4,12.52,160.0,12.58,160.77,11573114,52312
2019-02-15,12.63,161.83,12.67,162.09,12.59,160.93,12.66,161.77,8146307,58651
2019-02-19,12.76,161.21,12.85,162.44,12.76,160.97,12.84,162.01,12402627,69263
2019-02-20,12.87,162.19,12.9,162.9,12.8,161.67,12.83,162.2,23416615,52062
2019-02-21,12.78,162.02,12.8,162.81,12.67,161.6,12.67,162.27,13262022,43620
2019-02-22,12.72,163.19,12.77,164.42,12.71,163.19,12.73,164.41,12163556,46610
2019-02-25,12.75,165.61,12.77,166.23,12.69,165.19,12.72,165.28,12017163,81854
2019-02-26,12.7,164.53,12.74,165.78,12.68,164.28,12.73,165.26,9130894,50831
2019-02-27,12.69,164.68,12.7,165.11,12.61,163.61,12.65,165.06,11002874,60258
2019-02-28,12.64,164.0,12.65,164.64,12.57,163.66,12.58,163.86,13575964,85638
2019-03-01,12.52,165.22,12.57,165.68,12.35,164.28,12.36,165.26,29775536,55444
2019-03-04,12.32,165.74,12.35,165.96,12.28,162.93,12.33,164.41,14144414,64294
2019-03-05,12.3,164.5,12.34,164.58,12.27,163.56,12.34,164.19,15324321,59803
2019-03-06,12.31,163.99,12.33,164.0,12.29,163.15,12.32,163.22,10522771,38470
2019-03-07,12.29,162.76,12.34,162.81,12.28,161.18,12.31,161.49,15997781,62775
2019-03-08,12.44,159.75,12.46,161.52,12.4,159.57,12.45,161.45,18488213,42426
2019-03-11,12.41,162.04,12.42,164.82,12.36,162.04,12.39,164.79,10353531,80329
2019-03-12,12.42,165.2,12.47,166.16,12.41,164.89,12.47,165.69,9034578,76050
2019-03-13,12.53,165.92,12.56,167.22,12.51,165.92,12.56,166.53,9792014,72867
2019-03-14,12.4,166.63,12.42,166.93,12.38,166.2,12.41,166.61,11167052,55561
2019-03-15,12.47,167.11,12.51,169.28,12.45,166.98,12.46,168.76,16190698,77644
2019-03-18,12.5,168.66,12.51,169.51,12.46,168.27,12.48,169.11,8471493,108397
2019-03-19,12.55,169.94,12.55,170.22,12.5,169.0,12.51,169.74,12644232,56303
2019-03-20,12.53,169.52,12.61,170.65,12.44,168.42,12.59,169.34,15556894,176227
2019-03-21,12.61,169.69,12.61,173.57,12.48,169.69,12.54,173.39,7839506,57698
2019-03-22,12.57,172.38,12.59,172.79,12.54,169.23,12.57,169.23,12976408,46916
2019-03-25,12.63,168.86,12.69,169.34,12.62,167.68,12.67,168.5,10232546,54253
2019-03-26,12.63,170.1,12.63,171.09,12.57,168.76,12.61,169.61,13269891,48621
2019-03-27,12.6,170.01,12.61,170.09,12.53,167.48,12.54,168.76,13838354,45022
2019-03-28,12.4,169.31,12.41,170.0,12.34,168.67,12.36,169.56,15724923,75033
2019-03-29,12.43,170.61,12.44,171.07,12.37,169.92,12.38,171.07,14151643,45335
2019-04-01,12.41,172.49,12.41,173.51,12.32,171.91,12.32,173.34,16138095,56093
2019-04-02,12.34,173.6,12.37,174.57,12.33,173.05,12.37,174.57,19750057,78149
2019-04-03,12.34,175.06,12.37,176.36,12.34,174.98,12.35,175.65,17480798,411668
2019-04-04,12.29,175.49,12.4,175.95,12.26,174.25,12.38,175.09,17203632,48339
2019-04-05,12.36,175.51,12.38,175.87,12.33,175.21,12.37,175.8,12094550,44572
2019-04-08,12.47,175.31,12.48,176.42,12.41,174.73,12.43,176.42,7294107,50187
2019-04-09,12.49,175.67,12.51,175.76,12.48,174.74,12.48,174.96,10644077,1890832
2019-04-10,12.49,175.21,12.55,176.33,12.49,175.21,12.52,176.22,12687434,227000
2019-04-11,12.42,176.35,12.45,176.46,12.35,175.42,12.37,175.66,12932653,213571
2019-04-12,12.37,176.77,12.4,177.34,12.35,176.25,12.35,177.34,7501595,67323
2019-04-15,12.29,177.37,12.35,177.6,12.28,176.36,12.33,177.1,11166681,75611
2019-04-16,12.21,177.75,12.23,178.24,12.19,177.4,12.23,178.03,21622363,125266
2019-04-17,12.21,179.11,12.22,179.42,12.19,178.43,12.21,179.27,33148978,102780
2019-04-18,12.2,179.15,12.23,179.59,12.18,178.4,12.22,179.57,12493123,66827
2019-04-22,12.21,178.58,12.22,179.62,12.19,178.58,12.21,179.47,6688881,47964
2019-04-23,12.14,179.73,12.19,181.43,12.12,179.71,12.18,181.42,7872743,82040
2019-04-24,12.18,181.43,12.24,182.1,12.17,181.21,12.22,181.46,15228400,70229
2019-04-25,12.24,182.04,12.28,182.22,12.22,180.4,12.23,181.09,9174646,55544
2019-04-26,12.3,180.18,12.34,180.55,12.29,178.96,12.3,180.52,7826200,67888
2019-04-29,12.26,180.87,12.27,181.3,12.23,180.58,12.25,180.97,8147981,72868
2019-04-30,12.26,180.77,12.31,181.41,12.26,179.9,12.29,181.15,10196564,57365
2019-05-01,12.28,182.8,12.33,183.31,12.18,180.52,12.21,180.77,32654055,76483
2019-05-02,12.14,180.29,12.18,181.54,12.12,178.83,12.17,179.61,12810928,99694
2019-05-03,12.22,180.36,12.28,181.47,12.21,180.18,12.23,181.33,20694177,31909
2019-05-06,12.24,176.91,12.28,179.97,12.22,176.74,12.25,179.57,12131938,53933
2019-05-07,12.27,177.8,12.31,178.3,12.26,174.63,12.29,175.78,19040806,92360
2019-05-08,12.33,175.52,12.33,177.26,12.24,175.34,12.26,176.04,21043850,70492
2019-05-09,12.26,173.47,12.33,174.73,12.25,171.76,12.3,174.25,17052465,57820
2019-05-10,12.31,173.52,12.35,175.53,12.3,171.23,12.32,175.22,17386297,36338
2019-05-13,12.43,170.19,12.46,171.06,12.4,168.2,12.44,168.57,17965148,96039
2019-05-14,12.44,169.68,12.44,172.38,12.38,169.68,12.42,171.64,10215702,73158
2019-05-15,12.44,170.3,12.45,173.64,12.39,170.3,12.4,173.34,13189738,48924
2019-05-16,12.38,173.11,12.38,175.61,12.29,173.05,12.32,174.83,9920787,706422
2019-05-17,12.28,172.81,12.28,175.17,12.2,172.72,12.22,172.72,12149199,46283
2019-05-20,12.22,170.43,12.25,171.39,12.21,169.41,12.22,169.83,8435818,74066
2019-05-21,12.17,172.04,12.2,172.78,12.15,171.69,12.19,172.45,11090098,70109
2019-05-22,12.2,171.45,12.22,172.33,12.18,171.35,12.19,171.58,8126586,65917
2019-05-23,12.25,169.48,12.32,169.48,12.24,167.71,12.28,168.51,13914098,104380
2019-05-24,12.28,169.7,12.3,170.3,12.26,168.7,12.29,168.78,7207042,50425
2019-05-28,12.25,169.34,12.26,170.22,12.21,167.76,12.24,167.76,9275848,206841
2019-05-29,12.27,166.79,12.3,167.46,12.24,165.95,12.25,166.5,13300332,63137
2019-05-30,12.26,167.46,12.34,168.44,12.25,167.16,12.33,168.31,11135365,79824
2019-05-31,12.43,166.22,12.51,166.96,12.4,165.48,12.51,165.48,18191029,41335
2019-06-03,12.59,166.33,12.71,166.97,12.56,162.72,12.68,163.5,19878823,72571
2019-06-04,12.67,165.15,12.72,168.31,12.63,164.46,12.7,168.31,15816834,142005
2019-06-05,12.8,170.14,12.82,170.33,12.7,168.44,12.73,170.17,29879459,59401
2019-06-06,12.77,170.23,12.83,171.94,12.76,169.74,12.76,171.67,11213856,48966
2019-06-07,12.86,172.41,12.91,175.55,12.81,172.41,12.83,175.01,16754671,59039
2019-06-10,12.72,176.1,12.73,177.81,12.68,175.8,12.72,176.54,6039089,43848
2019-06-11,12.68,178.15,12.72,178.2,12.66,175.78,12.69,176.5,9094871,41112
2019-06-12,12.73,175.81,12.8,175.92,12.73,175.27,12.76,175.32,15435264,46352
2019-06-13,12.78,176.09,12.86,176.31,12.77,175.22,12.83,175.65,21971373,58452
2019-06-14,12.9,174.19,12.95,174.74,12.8,173.57,12.83,174.01,22214106,42627
2019-06-17,12.85,173.23,12.86,174.02,12.79,173.07,12.82,173.16,12352748,35094
2019-06-18,12.93,174.87,12.96,177.14,12.82,174.81,12.88,176.77,23919672,54460
2019-06-19,12.86,177.21,12.98,177.7,12.85,176.3,12.97,177.43,25584181,133672
2019-06-20,13.22,180.13,13.34,180.49,13.2,178.9,13.29,180.26,25051127,64927
2019-06-21,13.37,179.66,13.41,180.56,13.29,179.25,13.39,179.39,17365494,66525
2019-06-24,13.47,179.57,13.59,180.06,13.44,179.37,13.59,179.43,22897897,53524
2019-06-25,13.69,179.47,13.75,179.47,13.51,176.41,13.62,176.64,57284625,53274
2019-06-26,13.5,178.05,13.55,179.25,13.43,178.05,13.48,178.38,17140797,282241
2019-06-27,13.43,178.92,13.49,179.45,13.41,178.64,13.48,179.16,17064811,58445
2019-06-28,13.5,179.63,13.53,179.65,13.45,178.86,13.5,179.53,8980977,26128
2019-07-01,13.35,182.9,13.36,183.31,13.24,181.32,13.25,182.28,24122182,49043
2019-07-02,13.32,181.88,13.55,182.58,13.3,181.64,13.53,182.58,23926264,179683
2019-07-03,13.55,182.53,13.6,183.34,13.51,182.23,13.56,183.28,20928718,78865
2019-07-05,13.33,181.7,13.42,182.74,13.27,180.92,13.4,182.42,23215092,41389
2019-07-08,13.41,181.07,13.43,181.8,13.32,180.53,13.32,181.15,22224176,58882
2019-07-09,13.34,180.37,13.4,181.77,13.3,180.37,13.36,181.6,16597317,92624
2019-07-10,13.48,182.83,13.58,184.05,13.43,182.83,13.57,183.32,23297642,39406
2019-07-11,13.55,183.83,13.56,184.41,13.43,183.33,13.46,183.72,23213192,42602
2019-07-12,13.48,184.13,13.56,185.03,13.45,184.0,13.54,185.03,16953634,24854
2019-07-15,13.51,185.45,13.54,185.66,13.47,185.13,13.54,185.66,11304521,28384
2019-07-16,13.51,185.23,13.53,185.46,13.4,183.81,13.43,183.92,14598086,62845
2019-07-17,13.48,184.33,13.65,184.58,13.48,183.63,13.64,183.63,15527404,28440
2019-07-18,13.58,182.91,13.86,184.9,13.55,182.91,13.83,184.9,28946622,47384
2019-07-19,13.74,186.25,13.8,186.25,13.59,183.79,13.65,183.79,27956615,33435
2019-07-22,13.65,184.8,13.68,186.35,13.62,184.76,13.63,186.23,13596171,31735
2019-07-23,13.64,186.86,13.69,187.04,13.55,185.91,13.56,186.93,16252099,72732
2019-07-24,13.66,186.81,13.68,188.59,13.59,186.81,13.62,188.59,12856053,68957
2019-07-25,13.62,187.98,13.62,188.18,13.5,186.7,13.53,186.85,18707846,41479
2019-07-26,13.62,187.55,13.62,188.23,13.55,187.55,13.55,188.04,13303800,39629
2019-07-29,13.61,187.79,13.67,188.36,13.54,186.29,13.64,187.43,34576703,45471
2019-07-30,13.68,186.23,13.72,186.9,13.63,185.86,13.69,186.04,13776323,36518
2019-07-31,13.7,186.96,13.74,187.0,13.49,181.83,13.52,183.5,29526274,43955
2019-08-01,13.43,184.12,13.84,187.45,13.42,181.78,13.83,182.8,31701470,40866
2019-08-02,13.74,181.32,13.86,181.32,13.73,178.53,13.79,179.51,23908769,45204
2019-08-05,13.99,175.25,14.07,175.25,13.9,171.33,13.98,172.67,35233648,61844
2019-08-06,14.03,174.85,14.1,175.88,14.0,173.67,14.1,175.24,24608390,173734
2019-08-07,14.33,173.6,14.45,176.89,14.29,172.71,14.3,176.65,39736469,60377
2019-08-08,14.3,177.71,14.44,180.56,14.28,177.38,14.39,180.56,28699999,61716
2019-08-09,14.34,179.26,14.41,179.4,14.3,177.23,14.33,178.11,24622839,39735
2019-08-12,14.38,177.22,14.55,177.68,14.37,175.64,14.46,176.06,27213965,37087
2019-08-13,14.53,176.04,14.54,180.66,14.15,176.04,14.38,180.58,46829144,90366
2019-08-14,14.5,176.94,14.58,177.29,14.41,174.41,14.48,174.46,33384509,47679
2019-08-15,14.51,175.03,14.61,175.19,14.47,173.41,14.58,174.63,28959319,32335
2019-08-16,14.49,176.4,14.52,178.01,14.39,176.4,14.49,177.73,19403756,38760
2019-08-19,14.34,180.13,14.39,180.56,14.29,179.28,14.32,180.01,14712041,50985
2019-08-20,14.39,180.05,14.43,180.75,14.35,179.4,14.42,179.58,22736954,41228
2019-08-21,14.37,181.28,14.42,182.02,14.35,181.0,14.36,181.65,16718435,36514
2019-08-22,14.34,181.66,14.39,181.98,14.32,179.54,14.34,180.6,15027766,33785
2019-08-23,14.39,179.79,14.64,181.2,14.37,174.65,14.62,175.26,25838433,44995
2019-08-26,14.65,177.34,14.71,177.74,14.6,176.22,14.63,177.56,19177117,56077
2019-08-27,14.65,178.62,14.78,179.05,14.64,176.64,14.76,177.59,20719607,47807
2019-08-28,14.75,176.7,14.78,177.79,14.67,175.82,14.73,177.5,30702130,28997
2019-08-29,14.76,179.52,14.76,180.82,14.54,179.08,14.62,180.19,27626349,41773
2019-08-30,14.6,181.61,14.67,181.61,14.51,179.48,14.56,180.61,21664180,37428
2019-09-03,14.71,179.11,14.83,179.43,14.68,177.97,14.79,178.59,42045115,879216
2019-09-04,14.77,180.44,14.9,181.8,14.76,180.44,14.88,181.8,41087575,48997
2019-09-05,14.72,184.42,14.72,186.24,14.4,184.42,14.53,185.83,40143254,59606
2019-09-06,14.57,186.21,14.62,186.26,14.39,185.44,14.41,185.59,31102800,46443
2019-09-09,14.44,186.63,14.46,186.63,14.32,183.76,14.34,184.57,18544928,32161
2019-09-10,14.33,183.76,14.36,183.77,14.22,181.91,14.22,183.69,24297679,42042
2019-09-11,14.23,184.4,14.34,185.67,14.23,183.96,14.31,185.67,18299906,44202
2019-09-12,14.48,186.7,14.52,188.0,14.32,186.26,14.33,186.89,31342273,47172
2019-09-13,14.38,186.57,14.41,186.57,14.21,185.63,14.22,185.71,22369559,42475
2019-09-16,14.37,184.18,14.41,185.18,14.3,183.94,14.34,184.79,18729821,88348
2019-09-17,14.39,184.91,14.42,185.73,14.33,184.73,14.36,185.71,16074322,52150
2019-09-18,14.4,185.65,14.46,185.91,14.18,183.74,14.27,185.7,32383119,35200
2019-09-19,14.37,186.5,14.38,187.79,14.31,186.22,14.34,186.42,11106365,33663
2019-09-20,14.37,186.71,14.51,186.87,14.35,184.14,14.51,184.29,17380877,40432
2019-09-23,14.52,184.13,14.61,185.25,14.51,183.83,14.59,184.62,16295677,31349
2019-09-24,14.53,185.86,14.69,186.4,14.5,182.52,14.66,183.02,31622114,53252
2019-09-25,14.62,182.77,14.64,185.28,14.35,181.47,14.39,185.0,31084279,44088
2019-09-26,14.42,184.86,14.47,185.72,14.36,183.85,14.39,185.31,27102330,37346
2019-09-27,14.24,185.35,14.38,185.38,14.22,181.94,14.32,182.83,29092142,49770
2019-09-30,14.19,183.64,14.23,185.22,14.0,183.64,14.1,184.97,17713148,40389
2019-10-01,14.01,185.54,14.23,186.63,13.98,183.11,14.17,183.4,27085034,56952
2019-10-02,14.29,181.97,14.4,181.97,14.25,178.72,14.34,179.53,25883021,88882
2019-10-03,14.34,179.65,14.54,181.96,14.34,177.73,14.41,181.96,30911035,49965
2019-10-04,14.36,182.96,14.44,184.95,14.33,182.96,14.41,184.9,26369573,43192
2019-10-07,14.33,184.19,14.39,185.39,14.23,184.01,14.28,184.13,22827945,37908
2019-10-08,14.42,183.1,14.44,183.2,14.32,180.91,14.41,180.99,41506152,516696
2019-10-09,14.43,182.67,14.47,184.23,14.37,182.67,14.42,183.59,17620644,55749
2019-10-10,14.37,183.41,14.37,185.69,14.26,182.99,14.29,185.03,18565069,164275
2019-10-11,14.2,187.5,14.22,189.56,14.1,187.42,14.21,188.12,31699769,105788
2019-10-14,14.26,187.89,14.29,188.36,14.24,187.19,14.26,187.7,6433523,57612
2019-10-15,14.23,188.47,14.24,190.41,14.13,188.47,14.18,190.09,17751267,75104
2019-10-16,14.23,188.99,14.26,189.11,14.17,188.22,14.25,188.6,12967542,58885
2019-10-17,14.25,189.6,14.32,189.6,14.25,187.54,14.27,188.28,10236642,51209
2019-10-18,14.26,188.1,14.28,188.39,14.24,185.75,14.25,186.59,7937231,46120
2019-10-21,14.27,188.06,14.29,188.93,14.17,187.58,14.18,188.93,7635987,45876
2019-10-22,14.22,189.28,14.24,189.3,14.18,186.49,14.23,186.54,7298407,48098
2019-10-23,14.26,186.23,14.31,186.74,14.26,185.9,14.27,186.66,10742143,47756
2019-10-24,14.31,188.35,14.38,189.22,14.3,188.03,14.37,189.22,12791906,57351
2019-10-25,14.5,188.94,14.5,191.2,14.35,188.8,14.4,191.17,16233717,56969
2019-10-28,14.34,192.45,14.34,193.34,14.25,192.45,14.27,193.34,13740286,53348
2019-10-29,14.21,192.93,14.27,193.09,14.19,191.48,14.22,191.48,13872937,186130
2019-10-30,14.26,191.93,14.32,192.81,14.16,191.07,14.32,192.8,19369264,136407
2019-10-31,14.41,192.89,14.48,192.89,14.4,191.22,14.46,192.14,17316206,38911
2019-11-01,14.44,193.45,14.5,195.06,14.41,193.3,14.46,195.06,17686227,56242
2019-11-04,14.44,196.66,14.46,196.88,14.38,196.01,14.43,196.59,16017828,78269
2019-11-05,14.28,196.86,14.3,196.86,14.14,195.57,14.19,196.2,20537396,59598
2019-11-06,14.22,196.1,14.29,196.42,14.2,195.33,14.26,195.92,15263593,71517
2019-11-07,14.21,197.44,14.23,198.44,13.97,196.87,14.03,197.45,25620117,80008
2019-11-08,13.97,196.67,14.04,198.12,13.94,196.11,13.95,198.05,14972165,42935
2019-11-11,13.96,196.92,13.99,198.25,13.84,196.4,13.9,198.06,15544390,45325
2019-11-12,13.91,198.3,13.96,199.28,13.82,197.85,13.95,198.4,17720558,83227
2019-11-13,13.99,197.76,14.03,199.13,13.96,197.76,14.0,198.92,17707973,38419
2019-11-14,14.05,198.18,14.1,198.92,14.0,197.74,14.06,198.92,11885034,125635
2019-11-15,14.01,200.17,14.05,200.6,14.0,199.83,14.03,200.45,9137780,71749
2019-11-18,14.05,200.37,14.09,201.38,14.03,199.85,14.08,200.88,11368015,53449
2019-11-19,14.01,201.73,14.1,201.88,14.01,200.73,14.08,201.34,8888957,47641
2019-11-20,14.06,200.7,14.11,201.2,14.01,198.69,14.08,199.66,18869151,61950
2019-11-21,14.05,199.5,14.06,199.53,13.98,198.46,14.0,198.78,13545461,37218
2019-11-22,14.04,199.5,14.05,199.56,13.97,198.22,13.98,198.9,13684991,94403
2019-11-25,13.94,199.73,13.96,201.74,13.9,199.73,13.91,201.74,11341770,49953
2019-11-26,13.9,201.64,13.99,202.19,13.86,201.42,13.98,202.04,10558213,71347
2019-11-27,13.91,202.23,13.93,202.98,13.88,201.89,13.91,202.98,9492291,34559
2019-11-29,13.91,201.86,14.02,202.35,13.9,201.63,13.98,201.86,8800612,28689
2019-12-02,13.93,201.85,14.01,201.95,13.93,198.24,13.98,199.03,25982610,75465
2019-12-03,14.12,196.34,14.17,197.9,14.1,195.73,14.12,197.79,17476525,53387
2019-12-04,14.13,199.07,14.13,199.35,14.06,198.66,14.09,198.97,28473295,60334
2019-12-05,14.09,199.67,14.15,199.76,14.08,198.91,14.11,199.71,14979834,33631
2019-12-06,13.99,201.07,13.99,201.98,13.94,201.07,13.96,201.97,21947555,51450
2019-12-09,13.99,201.43,13.99,202.23,13.95,200.74,13.97,200.74,9564344,33995
2019-12-10,14.03,201.05,14.04,201.65,13.98,200.63,14.0,201.06,8464539,50652
2019-12-11,14.03,201.32,14.14,202.58,14.02,201.32,14.11,202.48,14320654,42977
2019-12-12,14.19,202.24,14.2,205.25,14.0,202.04,14.05,205.14,23901619,50849
2019-12-13,14.06,205.25,14.13,206.86,14.01,204.9,14.12,206.71,13850629,49677
2019-12-16,14.12,206.77,14.15,207.87,14.09,206.76,14.12,207.33,9552031,52516
2019-12-17,14.11,207.78,14.13,207.96,14.09,206.89,14.1,207.09,23979204,62637
2019-12-18,14.09,207.13,14.13,207.63,14.08,207.01,14.1,207.1,15062364,40877
2019-12-19,14.1,206.88,14.16,208.04,14.1,206.67,14.13,207.8,12279087,55269
2019-12-20,14.14,209.05,14.15,209.21,14.1,208.57,14.12,209.05,6230808,43537
2019-12-23,14.16,209.34,14.21,209.75,14.16,209.07,14.2,209.48,7699702,51025
2019-12-24,14.25,209.42,14.34,209.42,14.25,208.72,14.33,209.11,5428963,30179
2019-12-26,14.41,209.81,14.46,210.8,14.4,209.81,14.45,210.8,7138485,30416
2019-12-27,14.44,211.85,14.49,211.85,14.43,210.72,14.44,211.18,7083072,56752
2019-12-30,14.47,211.01,14.49,211.01,14.46,208.47,14.49,209.61,13269927,49660
2019-12-31,14.55,209.11,14.58,210.62,14.49,209.11,14.5,210.49,14298022,52928
2020-01-02,14.6,212.3,14.64,214.23,14.56,212.3,14.61,214.17,37082959,51367
2020-01-03,14.8,211.08,14.85,212.87,14.76,211.08,14.81,211.6,18346195,51573
2020-01-06,15.07,209.68,15.07,212.26,14.91,209.31,14.96,212.23,30782281,52279
2020-01-07,14.98,212.59,15.04,212.85,14.97,211.83,15.02,212.23,21248670,54373
2020-01-08,15.08,212.34,15.09,215.23,14.83,212.17,14.91,214.49,35711563,73493
2020-01-09,14.82,216.47,14.86,217.01,14.76,215.55,14.82,216.95,16118809,66615
2020-01-10,14.85,217.8,14.92,218.13,14.83,216.29,14.92,216.66,17562317,59129
2020-01-13,14.85,217.52,14.86,219.61,14.79,217.52,14.8,219.61,11589388,63840
2020-01-14,14.75,219.44,14.8,219.69,14.73,218.17,14.78,218.22,16160078,56602
2020-01-15,14.85,218.04,14.89,219.13,14.8,217.18,14.88,217.62,17060567,973678
2020-01-16,14.85,219.42,14.87,220.74,14.79,219.22,14.85,220.66,15453523,138015
2020-01-17,14.88,221.66,14.92,222.24,14.85,220.64,14.89,221.97,10391209,107980
2020-01-21,14.8,221.1,14.91,222.72,14.77,221.1,14.9,221.42,16346433,78413
2020-01-22,14.89,223.17,14.9,224.12,14.86,222.42,14.9,222.75,15003059,91714
2020-01-23,14.89,222.44,14.99,223.18,14.88,221.63,14.94,223.18,16852426,92261
2020-01-24,14.91,224.73,15.06,225.01,14.91,221.6,15.02,222.13,20857961,57925
2020-01-27,15.15,216.78,15.16,218.21,15.07,215.78,15.13,216.68,15052062,135599
2020-01-28,15.06,218.11,15.08,220.76,14.97,217.75,14.99,220.49,15517962,61077
2020-01-29,15.0,221.91,15.08,222.21,14.98,220.01,15.06,220.57,21106185,70234
2020-01-30,15.1,219.63,15.16,221.49,15.02,218.5,15.07,221.32,27103887,63941
2020-01-31,15.11,219.88,15.19,220.13,15.1,214.84,15.17,215.37,28167543,68790
